PresentId,x1,y1,z1,x2,y2,z2,x3,y3,z3,x4,y4,z4,x5,y5,z5,x6,y6,z6,x7,y7,z7,x8,y8,z8
1000,1,1,1,26,23,1,26,1,1,1,23,1,26,23,20,1,1,20,26,1,20,1,23,20
999,32,1,1,38,8,1,38,1,1,32,8,1,38,8,7,32,1,7,38,1,7,32,8,7
998,64,1,1,155,168,1,155,1,1,64,168,1,155,168,91,64,1,91,155,1,91,64,168,91
997,256,1,1,258,10,1,258,1,1,256,10,1,258,10,3,256,1,3,258,1,3,256,10,3
996,512,1,1,521,10,1,521,1,1,512,10,1,521,10,5,512,1,5,521,1,5,512,10,5
995,256,16,1,357,224,1,357,16,1,256,224,1,357,224,84,256,16,84,357,16,84,256,224,84
994,512,16,1,691,207,1,691,16,1,512,207,1,691,207,67,512,16,67,691,16,67,512,207,67
993,1,256,1,147,400,1,147,256,1,1,400,1,147,400,112,1,256,112,147,256,112,1,400,112
992,32,16,1,43,29,1,43,16,1,32,29,1,43,29,10,32,16,10,43,16,10,32,29,10
991,1,32,1,24,64,1,24,32,1,1,64,1,24,64,5,1,32,5,24,32,5,1,64,5
990,256,256,1,337,269,1,337,256,1,256,269,1,337,269,10,256,256,10,337,256,10,256,269,10
989,1,128,1,34,222,1,34,128,1,1,222,1,34,222,27,1,128,27,34,128,27,1,222,27
988,512,256,1,635,460,1,635,256,1,512,460,1,635,460,98,512,256,98,635,256,98,512,460,98
987,1,512,1,247,664,1,247,512,1,1,664,1,247,664,66,1,512,66,247,512,66,1,664,66
986,32,32,1,41,37,1,41,32,1,32,37,1,41,37,5,32,32,5,41,32,5,32,37,5
985,256,512,1,453,749,1,453,512,1,256,749,1,453,749,123,256,512,123,453,512,123,256,749,123
984,512,512,1,575,539,1,575,512,1,512,539,1,575,539,8,512,512,8,575,512,8,512,539,8
983,32,64,1,39,72,1,39,64,1,32,72,1,39,72,7,32,64,7,39,64,7,32,72,7
982,256,1,4,262,7,4,262,1,4,256,7,4,262,7,5,256,1,5,262,1,5,256,7,5
981,512,512,9,599,553,9,599,512,9,512,553,9,599,553,14,512,512,14,599,512,14,512,553,14
980,1,32,8,34,97,8,34,32,8,1,97,8,34,97,39,1,32,39,34,32,39,1,97,39
979,256,256,11,281,295,11,281,256,11,256,295,11,281,295,33,256,256,33,281,256,33,256,295,33
978,512,512,15,576,581,15,576,512,15,512,581,15,576,581,21,512,512,21,576,512,21,512,581,21
977,256,8,4,262,13,4,262,8,4,256,13,4,262,13,7,256,8,7,262,8,7,256,13,7
976,512,1,6,521,8,6,521,1,6,512,8,6,521,8,11,512,1,11,521,1,11,512,8,11
975,512,512,22,565,564,22,565,512,22,512,564,22,565,564,45,512,512,45,565,512,45,512,564,45
974,256,256,34,444,497,34,444,256,34,256,497,34,444,497,164,256,256,164,444,256,164,256,497,164
973,1,128,28,63,161,28,63,128,28,1,161,28,63,161,33,1,128,33,63,128,33,1,161,33
972,256,1,6,265,5,6,265,1,6,256,5,6,265,5,10,256,1,10,265,1,10,256,5,10
971,1,128,34,24,176,34,24,128,34,1,176,34,24,176,53,1,128,53,24,128,53,1,176,53
970,32,1,8,37,6,8,37,1,8,32,6,8,37,6,9,32,1,9,37,1,9,32,6,9
969,32,1,10,54,13,10,54,1,10,32,13,10,54,13,19,32,1,19,54,1,19,32,13,19
968,512,512,46,684,659,46,684,512,46,512,659,46,684,659,167,512,512,167,684,512,167,512,659,167
967,1,1,40,57,59,40,57,1,40,1,59,40,57,59,51,1,1,51,57,1,51,1,59,51
966,1,512,67,67,578,67,67,512,67,1,578,67,67,578,104,1,512,104,67,512,104,1,578,104
965,1,1,52,39,65,52,39,1,52,1,65,52,39,65,80,1,1,80,39,1,80,1,65,80
964,128,512,67,243,687,67,243,512,67,128,687,67,243,687,149,128,512,149,243,512,149,128,687,149
963,512,1,68,685,173,68,685,1,68,512,173,68,685,173,186,512,1,186,685,1,186,512,173,186
962,1,128,54,56,184,54,56,128,54,1,184,54,56,184,81,1,128,81,56,128,81,1,184,81
961,1,1,81,53,40,81,53,1,81,1,40,81,53,40,88,1,1,88,53,1,88,1,40,88
960,256,1,85,438,226,85,438,1,85,256,226,85,438,226,264,256,1,264,438,1,264,256,226,264
959,1,1,92,187,184,92,187,1,92,1,184,92,187,184,204,1,1,204,187,1,204,1,184,204
958,512,256,99,561,315,99,561,256,99,512,315,99,561,315,110,512,256,110,561,256,110,512,315,110
957,1,512,105,7,519,105,7,512,105,1,519,105,7,519,107,1,512,107,7,512,107,1,519,107
956,512,256,111,729,483,111,729,256,111,512,483,111,729,483,290,512,256,290,729,256,290,512,483,290
955,8,512,105,16,520,105,16,512,105,8,520,105,16,520,106,8,512,106,16,512,106,8,520,106
954,32,512,105,39,519,105,39,512,105,32,519,105,39,519,111,32,512,111,39,512,111,32,519,111
953,64,512,105,120,542,105,120,512,105,64,542,105,120,542,127,64,512,127,120,512,127,64,542,127
952,8,512,107,13,520,107,13,512,107,8,520,107,13,520,110,8,512,110,13,512,110,8,520,110
951,1,256,113,238,492,113,238,256,113,1,492,113,238,492,290,1,256,290,238,256,290,1,492,290
950,16,512,107,22,514,107,22,512,107,16,514,107,22,514,108,16,512,108,22,512,108,16,514,108
949,256,512,124,484,661,124,484,512,124,256,661,124,484,661,269,256,512,269,484,512,269,256,661,269
948,1,512,112,36,546,112,36,512,112,1,546,112,36,546,117,1,512,117,36,512,117,1,546,117
947,1,512,118,8,517,118,8,512,118,1,517,118,8,517,120,1,512,120,8,512,120,1,517,120
946,16,512,118,52,516,118,52,512,118,16,516,118,52,516,119,16,512,119,52,512,119,16,516,119
945,16,512,120,42,541,120,42,512,120,16,541,120,42,541,132,16,512,132,42,512,132,16,541,132
944,64,512,128,88,523,128,88,512,128,64,523,128,88,523,133,64,512,133,88,512,133,64,523,133
943,1,512,133,56,561,133,56,512,133,1,561,133,56,561,150,1,512,150,56,512,150,1,561,150
942,64,512,134,75,591,134,75,512,134,64,591,134,75,591,140,64,512,140,75,512,140,64,591,140
941,1,512,151,245,730,151,245,512,151,1,730,151,245,730,338,1,512,338,245,512,338,1,730,338
940,256,256,165,265,265,165,265,256,165,256,265,165,265,265,167,256,256,167,265,256,167,256,265,167
939,256,256,168,263,258,168,263,256,168,256,258,168,263,258,169,256,256,169,263,256,169,256,258,169
938,512,512,168,534,548,168,534,512,168,512,548,168,534,548,186,512,512,186,534,512,186,512,548,186
937,256,256,170,466,427,170,466,256,170,256,427,170,466,427,245,256,256,245,466,256,245,256,427,245
936,512,1,187,520,10,187,520,1,187,512,10,187,520,10,190,512,1,190,520,1,190,512,10,190
935,512,16,187,520,21,187,520,16,187,512,21,187,520,21,191,512,16,191,520,16,191,512,21,191
934,512,32,187,547,74,187,547,32,187,512,74,187,547,74,210,512,32,210,547,32,210,512,74,210
933,512,512,187,758,720,187,758,512,187,512,720,187,758,720,348,512,512,348,758,512,348,512,720,348
932,512,128,187,525,162,187,525,128,187,512,162,187,525,162,195,512,128,195,525,128,195,512,162,195
931,512,128,196,541,172,196,541,128,196,512,172,196,541,172,211,512,128,211,541,128,211,512,172,211
930,512,1,191,518,8,191,518,1,191,512,8,191,518,8,194,512,1,194,518,1,194,512,8,194
929,512,16,192,520,20,192,520,16,192,512,20,192,520,20,193,512,16,193,520,16,193,512,20,193
928,512,16,194,517,22,194,517,16,194,512,22,194,517,22,196,512,16,196,517,16,196,512,22,196
927,1,1,205,44,42,205,44,1,205,1,42,205,44,42,236,1,1,236,44,1,236,1,42,236
926,512,1,195,519,5,195,519,1,195,512,5,195,519,5,196,512,1,196,519,1,196,512,5,196
925,64,1,205,123,37,205,123,1,205,64,37,205,123,37,211,64,1,211,123,1,211,64,37,211
924,512,8,195,519,13,195,519,8,195,512,13,195,519,13,196,512,8,196,519,8,196,512,13,196
923,128,1,205,181,66,205,181,1,205,128,66,205,181,66,218,128,1,218,181,1,218,128,66,218
922,1,64,205,67,131,205,67,64,205,1,131,205,67,131,219,1,64,219,67,64,219,1,131,219
921,512,1,197,518,7,197,518,1,197,512,7,197,518,7,202,512,1,202,518,1,202,512,7,202
920,128,128,205,174,168,205,174,128,205,128,168,205,174,168,229,128,128,229,174,128,229,128,168,229
919,512,8,197,517,14,197,517,8,197,512,14,197,517,14,199,512,8,199,517,8,199,512,14,199
918,512,16,197,520,22,197,520,16,197,512,22,197,520,22,201,512,16,201,520,16,201,512,22,201
917,512,8,200,521,12,200,521,8,200,512,12,200,521,12,201,512,8,201,521,8,201,512,12,201
916,512,1,211,532,58,211,532,1,211,512,58,211,532,58,220,512,1,220,532,1,220,512,58,220
915,512,64,211,536,98,211,536,64,211,512,98,211,536,98,218,512,64,218,536,64,218,512,98,218
914,512,64,219,726,242,219,726,64,219,512,242,219,726,242,329,512,64,329,726,64,329,512,242,329
913,128,1,219,168,64,219,168,1,219,128,64,219,168,64,228,128,1,228,168,1,228,128,64,228
912,64,1,212,117,17,212,117,1,212,64,17,212,117,17,227,64,1,227,117,1,227,64,17,227
911,64,32,220,123,87,220,123,32,220,64,87,220,123,87,228,64,32,228,123,32,228,64,87,228
910,1,64,220,5,70,220,5,64,220,1,70,220,5,70,224,1,64,224,5,64,224,1,70,224
909,8,64,220,62,101,220,62,64,220,8,101,220,62,101,256,8,64,256,62,64,256,8,101,256
908,1,128,220,19,192,220,19,128,220,1,192,220,19,192,229,1,128,229,19,128,229,1,192,229
907,256,256,246,471,504,246,471,256,246,256,504,246,471,504,380,256,256,380,471,256,380,256,504,380
906,32,128,220,76,210,220,76,128,220,32,210,220,76,210,232,32,128,232,76,128,232,32,210,232
905,512,1,221,554,40,221,554,1,221,512,40,221,554,40,229,512,1,229,554,1,229,512,40,229
904,64,1,229,87,36,229,87,1,229,64,36,229,87,36,247,64,1,247,87,1,247,64,36,247
903,1,64,225,3,70,225,3,64,225,1,70,225,3,70,227,1,64,227,3,64,227,1,70,227
902,128,1,230,218,162,230,218,1,230,128,162,230,218,162,310,128,1,310,218,1,310,128,162,310
901,512,1,230,578,35,230,578,1,230,512,35,230,578,35,256,512,1,256,578,1,256,512,35,256
900,64,64,229,105,105,229,105,64,229,64,105,229,105,105,238,64,64,238,105,64,238,64,105,238
899,1,64,228,6,71,228,6,64,228,1,71,228,6,71,232,1,64,232,6,64,232,1,71,232
898,1,128,233,64,188,233,64,128,233,1,188,233,64,188,253,1,128,253,64,128,253,1,188,253
897,256,1,265,486,152,265,486,1,265,256,152,265,486,152,355,256,1,355,486,1,355,256,152,355
896,1,64,233,7,70,233,7,64,233,1,70,233,7,70,236,1,64,236,7,64,236,1,70,236
895,256,512,270,468,668,270,468,512,270,256,668,270,468,668,366,256,512,366,468,512,366,256,668,366
894,1,256,291,176,446,291,176,256,291,1,446,291,176,446,438,1,256,438,176,256,438,1,446,438
893,512,256,291,744,373,291,744,256,291,512,373,291,744,373,387,512,256,387,744,256,387,512,373,387
892,1,1,311,143,232,311,143,1,311,1,232,311,143,232,375,1,1,375,143,1,375,1,232,375
891,512,1,257,561,47,257,561,1,257,512,47,257,561,47,285,512,1,285,561,1,285,512,47,285
890,512,1,286,536,38,286,536,1,286,512,38,286,536,38,291,512,1,291,536,1,291,512,38,291
889,512,1,330,707,129,330,707,1,330,512,129,330,707,129,394,512,1,394,707,1,394,512,129,394
888,1,512,339,250,688,339,250,512,339,1,688,339,250,688,499,1,512,499,250,512,499,1,688,499
887,512,512,349,637,709,349,637,512,349,512,709,349,637,709,434,512,512,434,637,512,434,512,709,434
886,256,1,356,260,4,356,260,1,356,256,4,356,260,4,358,256,1,358,260,1,358,256,4,358
885,256,8,356,261,14,356,261,8,356,256,14,356,261,14,360,256,8,360,261,8,360,256,14,360
884,256,16,356,349,48,356,349,16,356,256,48,356,349,48,361,256,16,361,349,16,361,256,48,361
883,256,64,356,335,194,356,335,64,356,256,194,356,335,194,432,256,64,432,335,64,432,256,194,432
882,256,1,362,323,60,362,323,1,362,256,60,362,323,60,411,256,1,411,323,1,411,256,60,411
881,256,512,367,340,556,367,340,512,367,256,556,367,340,556,403,256,512,403,340,512,403,256,556,403
880,1,1,376,67,43,376,67,1,376,1,43,376,67,43,397,1,1,397,67,1,397,1,43,397
879,128,1,376,135,9,376,135,1,376,128,9,376,135,9,380,128,1,380,135,1,380,128,9,380
878,1,64,376,189,217,376,189,64,376,1,217,376,189,217,512,1,64,512,189,64,512,1,217,512
877,128,16,376,180,48,376,180,16,376,128,48,376,180,48,400,128,16,400,180,16,400,128,48,400
876,256,256,381,281,298,381,281,256,381,256,298,381,281,298,402,256,256,402,281,256,402,256,298,402
875,128,1,381,136,5,381,136,1,381,128,5,381,136,5,382,128,1,382,136,1,382,128,5,382
874,512,256,388,746,504,388,746,256,388,512,504,388,746,504,589,512,256,589,746,256,589,512,504,589
873,512,1,395,642,227,395,642,1,395,512,227,395,642,227,516,512,1,516,642,1,516,512,227,516
872,128,8,381,133,12,381,133,8,381,128,12,381,133,12,383,128,8,383,133,8,383,128,12,383
871,256,256,403,382,469,403,382,256,403,256,469,403,382,469,525,256,256,525,382,256,525,256,469,525
870,256,512,404,426,677,404,426,512,404,256,677,404,426,677,485,256,512,485,426,512,485,256,677,485
869,128,1,383,136,6,383,136,1,383,128,6,383,136,6,386,128,1,386,136,1,386,128,6,386
868,128,8,384,136,15,384,136,8,384,128,15,384,136,15,385,128,8,385,136,8,385,128,15,385
867,1,1,398,32,53,398,32,1,398,1,53,398,32,53,411,1,1,411,32,1,411,1,53,411
866,128,8,386,132,11,386,132,8,386,128,11,386,132,11,388,128,8,388,132,8,388,128,11,388
865,64,1,401,157,23,401,157,1,401,64,23,401,157,23,415,64,1,415,157,1,415,64,23,415
864,1,1,412,25,36,412,25,1,412,1,36,412,25,36,433,1,1,433,25,1,433,1,36,433
863,64,32,398,71,41,398,71,32,398,64,41,398,71,41,400,64,32,400,71,32,400,64,41,400
862,256,1,433,417,147,433,417,1,433,256,147,433,417,147,514,256,1,514,417,1,514,256,147,514
861,64,32,401,89,51,401,89,32,401,64,51,401,89,51,405,64,32,405,89,32,405,64,51,405
860,128,32,401,135,41,401,135,32,401,128,41,401,135,41,406,128,32,406,135,32,406,128,41,406
859,512,512,435,753,758,435,753,512,435,512,758,435,753,758,624,512,512,624,753,512,624,512,758,624
858,1,256,439,208,464,439,208,256,439,1,464,439,208,464,599,1,256,599,208,256,599,1,464,599
857,256,512,486,464,718,486,464,512,486,256,718,486,464,718,554,256,512,554,464,512,554,256,718,554
856,1,512,500,127,754,500,127,512,500,1,754,500,127,754,593,1,512,593,127,512,593,1,754,593
855,64,32,406,68,37,406,68,32,406,64,37,406,68,37,407,64,32,407,68,32,407,64,37,407
854,128,32,407,165,59,407,165,32,407,128,59,407,165,59,429,128,32,429,165,32,429,128,59,429
853,64,32,408,66,35,408,66,32,408,64,35,408,66,35,409,64,32,409,66,32,409,64,35,409
852,1,1,513,230,244,513,230,1,513,1,244,513,230,244,714,1,1,714,230,1,714,1,244,714
851,128,512,500,166,524,500,166,512,500,128,524,500,166,524,509,128,512,509,166,512,509,128,524,509
850,128,512,510,155,541,510,155,512,510,128,541,510,155,541,526,128,512,526,155,512,526,128,541,526
849,256,1,515,257,5,515,257,1,515,256,5,515,257,5,516,256,1,516,257,1,516,256,5,516
848,256,8,515,489,205,515,489,8,515,256,205,515,489,205,596,256,8,596,489,8,596,256,205,596
847,512,1,517,521,8,517,521,1,517,512,8,517,521,8,521,512,1,521,521,1,521,512,8,521
846,512,16,517,554,56,517,554,16,517,512,56,517,554,56,549,512,16,549,554,16,549,512,56,549
845,512,64,517,553,107,517,553,64,517,512,107,517,553,107,546,512,64,546,553,64,546,512,107,546
844,256,1,517,264,5,517,264,1,517,256,5,517,264,5,519,256,1,519,264,1,519,256,5,519
843,256,256,526,492,502,526,492,256,526,256,502,526,492,502,700,256,256,700,492,256,700,256,502,700
842,512,128,517,518,137,517,518,128,517,512,137,517,518,137,519,512,128,519,518,128,519,512,137,519
841,512,128,520,519,135,520,519,128,520,512,135,520,519,135,526,512,128,526,519,128,526,512,135,526
840,512,1,550,664,226,550,664,1,550,512,226,550,664,226,688,512,1,688,664,1,688,512,226,688
839,128,512,527,171,602,527,171,512,527,128,602,527,171,602,564,128,512,564,171,512,564,128,602,564
838,256,512,555,291,550,555,291,512,555,256,550,555,291,550,564,256,512,564,291,512,564,256,550,564
837,128,512,565,136,520,565,136,512,565,128,520,565,136,520,567,128,512,567,136,512,567,128,520,567
836,256,512,565,265,521,565,265,512,565,256,521,565,265,521,569,256,512,569,265,512,569,256,521,569
835,256,1,520,261,6,520,261,1,520,256,6,520,261,6,523,256,1,523,261,1,523,256,6,523
834,128,512,570,262,696,570,262,512,570,128,696,570,262,696,635,128,512,635,262,512,635,128,696,635
833,512,256,590,567,299,590,567,256,590,512,299,590,567,299,616,512,256,616,567,256,616,512,299,616
832,256,1,597,442,190,597,442,1,597,256,190,597,442,190,743,256,1,743,442,1,743,256,190,743
831,1,512,594,5,514,594,5,512,594,1,514,594,5,514,596,1,512,596,5,512,596,1,514,596
830,8,512,594,52,590,594,52,512,594,8,590,594,52,590,633,8,512,633,52,512,633,8,590,633
829,64,512,594,96,554,594,96,512,594,64,554,594,96,554,601,64,512,601,96,512,601,64,554,601
828,1,256,600,122,382,600,122,256,600,1,382,600,122,382,668,1,256,668,122,256,668,1,382,668
827,1,512,597,7,518,597,7,512,597,1,518,597,7,518,603,1,512,603,7,512,603,1,518,603
826,128,256,600,148,314,600,148,256,600,128,314,600,148,314,604,128,256,604,148,256,604,128,314,604
825,64,512,602,71,520,602,71,512,602,64,520,602,71,520,605,64,512,605,71,512,605,64,520,605
824,128,256,605,165,310,605,165,256,605,128,310,605,165,310,632,128,256,632,165,256,632,128,310,632
823,512,256,617,712,414,617,712,256,617,512,414,617,712,414,707,512,256,707,712,256,707,512,414,707
822,64,512,606,80,525,606,80,512,606,64,525,606,80,525,612,64,512,612,80,512,612,64,525,612
821,512,512,625,716,759,625,716,512,625,512,759,625,716,759,758,512,512,758,716,512,758,512,759,758
820,64,512,613,101,541,613,101,512,613,64,541,613,101,541,630,64,512,630,101,512,630,64,541,630
819,64,512,631,84,572,631,84,512,631,64,572,631,84,572,638,64,512,638,84,512,638,64,572,638
818,128,256,633,187,292,633,187,256,633,128,292,633,187,292,660,128,256,660,187,256,660,128,292,660
817,1,512,634,10,521,634,10,512,634,1,521,634,10,521,642,1,512,642,10,512,642,1,521,642
816,128,512,636,259,748,636,259,512,636,128,748,636,259,748,701,128,512,701,259,512,701,128,748,701
815,16,512,634,19,519,634,19,512,634,16,519,634,19,519,635,16,512,635,19,512,635,16,519,635
814,16,512,636,58,562,636,58,512,636,16,562,636,58,562,654,16,512,654,58,512,654,16,562,654
813,64,512,639,70,520,639,70,512,639,64,520,639,70,520,642,64,512,642,70,512,642,64,520,642
812,1,256,669,187,423,669,187,256,669,1,423,669,187,423,820,1,256,820,187,256,820,1,423,820
811,64,512,643,126,571,643,126,512,643,64,571,643,126,571,663,64,512,663,126,512,663,64,571,663
810,1,512,655,62,548,655,62,512,655,1,548,655,62,548,686,1,512,686,62,512,686,1,548,686
809,64,512,664,104,550,664,104,512,664,64,550,664,104,550,695,64,512,695,104,512,695,64,550,695
808,512,1,689,651,205,689,651,1,689,512,205,689,651,205,804,512,1,804,651,1,804,512,205,804
807,1,512,687,5,521,687,5,512,687,1,521,687,5,521,690,1,512,690,5,512,690,1,521,690
806,8,512,687,16,513,687,16,512,687,8,513,687,16,513,688,8,512,688,16,512,688,8,513,688
805,32,512,687,50,579,687,50,512,687,32,579,687,50,579,699,32,512,699,50,512,699,32,579,699
803,256,256,701,448,438,701,448,256,701,256,438,701,448,438,844,256,256,844,448,256,844,256,438,844
793,8,512,689,15,521,689,15,512,689,8,521,689,15,521,694,8,512,694,15,512,694,8,521,694
795,16,512,689,23,519,689,23,512,689,16,519,689,23,519,694,16,512,694,23,512,694,16,519,694
800,1,512,691,4,517,691,4,512,691,1,517,691,4,517,693,1,512,693,4,512,693,1,517,693
791,1,512,700,117,628,700,117,512,700,1,628,700,117,628,799,1,512,799,117,512,799,1,628,799
802,128,512,702,178,561,702,178,512,702,128,561,702,178,561,723,128,512,723,178,512,723,128,561,723
792,256,512,702,317,578,702,317,512,702,256,578,702,317,578,720,256,512,720,317,512,720,256,578,720
796,512,256,708,565,325,708,565,256,708,512,325,708,565,325,757,512,256,757,565,256,757,512,325,757
804,1,1,715,28,36,715,28,1,715,1,36,715,28,36,720,1,1,720,28,1,720,1,36,720
797,32,1,715,39,5,715,39,1,715,32,5,715,39,5,719,32,1,719,39,1,719,32,5,719
799,64,1,715,123,43,715,123,1,715,64,43,715,123,43,739,64,1,739,123,1,739,64,43,739
801,128,1,715,134,10,715,134,1,715,128,10,715,134,10,717,128,1,717,134,1,717,128,10,717
794,32,8,715,51,30,715,51,8,715,32,30,715,51,30,725,32,8,725,51,8,725,32,30,725
790,128,16,715,135,22,715,135,16,715,128,22,715,135,22,720,128,16,720,135,16,720,128,22,720
798,128,32,715,170,65,715,170,32,715,128,65,715,170,65,743,128,32,743,170,32,743,128,65,743
789,1,64,715,37,98,715,37,64,715,1,98,715,37,98,722,1,64,722,37,64,722,1,98,722
788,64,64,715,87,129,715,87,64,715,64,129,715,87,129,724,64,64,724,87,64,724,64,129,724
787,1,128,715,50,152,715,50,128,715,1,152,715,50,152,735,1,128,735,50,128,735,1,152,735
786,32,32,715,46,50,715,46,32,715,32,50,715,46,50,728,32,32,728,46,32,728,32,50,728
785,256,512,721,365,697,721,365,512,721,256,697,721,365,697,791,256,512,791,365,512,791,256,697,791
784,128,128,715,135,136,715,135,128,715,128,136,715,135,136,716,128,128,716,135,128,716,128,136,716
783,128,128,717,192,180,717,192,128,717,128,180,717,192,180,746,128,128,746,192,128,746,128,180,746
782,128,512,724,201,631,724,201,512,724,128,631,724,201,631,793,128,512,793,201,512,793,128,631,793
781,128,1,718,134,6,718,134,1,718,128,6,718,134,6,721,128,1,721,134,1,721,128,6,721
780,128,8,718,133,10,718,133,8,718,128,10,718,133,10,719,128,8,719,133,8,719,128,10,719
779,128,8,720,133,15,720,133,8,720,128,15,720,133,15,724,128,8,724,133,8,724,128,15,724
778,256,1,744,470,212,744,470,1,744,256,212,744,470,212,928,256,1,928,470,1,928,256,212,928
777,1,1,721,14,44,721,14,1,721,1,44,721,14,44,734,1,1,734,14,1,734,1,44,734
776,128,16,721,177,28,721,177,16,721,128,28,721,177,28,728,128,16,728,177,16,728,128,28,728
775,32,1,720,39,7,720,39,1,720,32,7,720,39,7,722,32,1,722,39,1,722,32,7,722
774,1,64,723,33,97,723,33,64,723,1,97,723,33,97,728,1,64,728,33,64,728,1,97,728
773,16,1,721,19,8,721,19,1,721,16,8,721,19,8,724,16,1,724,19,1,724,16,8,724
772,16,16,721,24,22,721,24,16,721,16,22,721,24,22,724,16,16,724,24,16,724,16,22,724
771,1,64,729,66,113,729,66,64,729,1,113,729,66,113,754,1,64,754,66,64,754,1,113,754
770,1,1,755,159,218,755,159,1,755,1,218,755,159,218,858,1,1,858,159,1,858,1,218,858
769,512,256,758,740,498,758,740,256,758,512,498,758,740,498,937,512,256,937,740,256,937,512,498,937
768,512,512,759,713,761,759,713,512,759,512,761,759,713,761,924,512,512,924,713,512,924,512,761,924
767,256,512,792,274,551,792,274,512,792,256,551,792,274,551,802,256,512,802,274,512,802,256,551,802
766,128,512,794,136,518,794,136,512,794,128,518,794,136,518,796,128,512,796,136,512,796,128,518,796
765,128,512,797,131,516,797,131,512,797,128,516,797,131,516,799,128,512,799,131,512,799,128,516,799
764,1,512,800,38,545,800,38,512,800,1,545,800,38,545,808,1,512,808,38,512,808,1,545,808
763,64,512,800,235,671,800,235,512,800,64,671,800,235,671,901,64,512,901,235,512,901,64,671,901
762,256,512,803,429,725,803,429,512,803,256,725,803,429,725,872,256,512,872,429,512,872,256,725,872
761,512,1,805,519,10,805,519,1,805,512,10,805,519,10,811,512,1,811,519,1,811,512,10,811
760,512,16,805,554,33,805,554,16,805,512,33,805,554,33,812,512,16,812,554,16,812,512,33,812
759,512,64,805,551,101,805,551,64,805,512,101,805,551,101,817,512,64,817,551,64,817,512,101,817
758,512,128,805,570,189,805,570,128,805,512,189,805,570,189,818,512,128,818,570,128,818,512,189,818
757,1,512,809,10,515,809,10,512,809,1,515,809,10,515,812,1,512,812,10,512,812,1,515,812
756,512,1,818,704,123,818,704,1,818,512,123,818,704,123,919,512,1,919,704,1,919,512,123,919
755,512,128,819,577,163,819,577,128,819,512,163,819,577,163,837,512,128,837,577,128,837,512,163,837
754,1,256,821,175,505,821,175,256,821,1,505,821,175,505,919,1,256,919,175,256,919,1,505,919
753,256,256,845,471,439,845,471,256,845,256,439,845,471,439,919,256,256,919,471,256,919,256,439,919
752,16,512,809,57,559,809,57,512,809,16,559,809,57,559,825,16,512,825,57,512,825,16,559,825
751,1,512,813,7,515,813,7,512,813,1,515,813,7,515,815,1,512,815,7,512,815,1,515,815
750,512,128,838,586,159,838,586,128,838,512,159,838,586,159,849,512,128,849,586,128,849,512,159,849
749,1,1,859,164,222,859,164,1,859,1,222,859,164,222,991,1,1,991,164,1,991,1,222,991
748,1,512,826,31,549,826,31,512,826,1,549,826,31,549,833,1,512,833,31,512,833,1,549,833
747,512,128,850,586,145,850,586,128,850,512,145,850,586,145,864,512,128,864,586,128,864,512,145,864
746,32,512,826,35,516,826,35,512,826,32,516,826,35,516,829,32,512,829,35,512,829,32,516,829
745,512,128,865,611,143,865,611,128,865,512,143,865,611,143,875,512,128,875,611,128,875,512,143,875
744,256,512,873,415,688,873,415,512,873,256,688,873,415,688,948,256,512,948,415,512,948,256,688,948
743,32,512,830,58,550,830,58,512,830,32,550,830,58,550,836,32,512,836,58,512,836,32,550,836
742,1,512,834,6,517,834,6,512,834,1,517,834,6,517,836,1,512,836,6,512,836,1,517,836
741,8,512,834,16,517,834,16,512,834,8,517,834,16,517,836,8,512,836,16,512,836,8,517,836
740,1,512,837,44,600,837,44,512,837,1,600,837,44,600,855,1,512,855,44,512,855,1,600,855
739,1,512,902,168,683,902,168,512,902,1,683,902,168,683,998,1,512,998,168,512,998,1,683,998
738,512,128,876,517,135,876,517,128,876,512,135,876,517,135,877,512,128,877,517,128,877,512,135,877
737,512,128,878,521,134,878,521,128,878,512,134,878,521,134,879,512,128,879,521,128,879,512,134,879
736,512,128,880,520,193,880,520,128,880,512,193,880,520,193,886,512,128,886,520,128,886,512,193,886
735,512,128,887,572,164,887,572,128,887,512,164,887,572,164,919,512,128,919,572,128,919,512,164,919
734,512,1,920,539,64,920,539,1,920,512,64,920,539,64,938,512,1,938,539,1,938,512,64,938
733,1,256,920,193,479,920,193,256,920,1,479,920,193,479,1102,1,256,1102,193,256,1102,1,479,1102
732,512,128,920,540,173,920,540,128,920,512,173,920,540,173,930,512,128,930,540,128,930,512,173,930
731,256,256,920,260,264,920,260,256,920,256,264,920,260,264,921,256,256,921,260,256,921,256,264,921
730,256,256,922,301,319,922,301,256,922,256,319,922,301,319,961,256,256,961,301,256,961,256,319,961
729,512,512,925,530,522,925,530,512,925,512,522,925,530,522,934,512,512,934,530,512,934,512,522,934
728,256,1,929,375,86,929,375,1,929,256,86,929,375,86,1003,256,1,1003,375,1,1003,256,86,1003
727,256,128,929,280,140,929,280,128,929,256,140,929,280,140,936,256,128,936,280,128,936,256,140,936
726,512,128,931,539,160,931,539,128,931,512,160,931,539,160,956,512,128,956,539,128,956,512,160,956
725,512,512,935,518,516,935,518,512,935,512,516,935,518,516,936,512,512,936,518,512,936,512,516,936
724,256,128,937,267,160,937,267,128,937,256,160,937,267,160,947,256,128,947,267,128,947,256,160,947
723,512,512,937,515,520,937,515,512,937,512,520,937,515,520,939,512,512,939,515,512,939,512,520,939
722,512,256,938,666,448,938,666,256,938,512,448,938,666,448,1012,512,256,1012,666,256,1012,512,448,1012
721,512,1,939,517,4,939,517,1,939,512,4,939,517,4,941,512,1,941,517,1,941,512,4,941
720,512,8,939,561,63,939,561,8,939,512,63,939,561,63,963,512,8,963,561,8,963,512,63,963
719,512,512,940,748,623,940,748,512,940,512,623,940,748,623,1030,512,512,1030,748,512,1030,512,623,1030
718,512,64,939,516,66,939,516,64,939,512,66,939,516,66,940,512,64,940,516,64,940,512,66,940
717,512,64,941,515,68,941,515,64,941,512,68,941,515,68,943,512,64,943,515,64,943,512,68,943
716,256,128,948,299,192,948,299,128,948,256,192,948,299,192,979,256,128,979,299,128,979,256,192,979
715,256,512,949,429,731,949,429,512,949,256,731,949,429,731,1065,256,512,1065,429,512,1065,256,731,1065
714,512,64,944,561,110,944,561,64,944,512,110,944,561,110,950,512,64,950,561,64,950,512,110,950
713,256,256,962,407,449,962,407,256,962,256,449,962,407,449,1045,256,256,1045,407,256,1045,256,449,1045
712,512,1,964,715,206,964,715,1,964,512,206,964,715,206,1058,512,1,1058,715,1,1058,512,206,1058
711,256,128,980,336,161,980,336,128,980,256,161,980,336,161,1009,256,128,1009,336,128,1009,256,161,1009
710,1,1,992,37,48,992,37,1,992,1,48,992,37,48,1021,1,1,1021,37,1,1021,1,48,1021
709,64,1,992,150,93,992,150,1,992,64,93,992,150,93,1064,64,1,1064,150,1,1064,64,93,1064
708,1,64,992,6,72,992,6,64,992,1,72,992,6,72,995,1,64,995,6,64,995,1,72,995
707,8,64,992,24,86,992,24,64,992,8,86,992,24,86,1007,8,64,1007,24,64,1007,8,86,1007
706,1,512,999,203,695,999,203,512,999,1,695,999,203,695,1134,1,512,1134,203,512,1134,1,695,1134
705,32,64,992,39,95,992,39,64,992,32,95,992,39,95,997,32,64,997,39,64,997,32,95,997
704,256,1,1010,406,238,1010,406,1,1010,256,238,1010,406,238,1118,256,1,1118,406,1,1118,256,238,1118
703,1,128,992,100,237,992,100,128,992,1,237,992,100,237,1057,1,128,1057,100,128,1057,1,237,1057
702,128,128,992,204,166,992,204,128,992,128,166,992,204,166,1012,128,128,1012,204,128,1012,128,166,1012
701,1,64,996,6,68,996,6,64,996,1,68,996,6,68,997,1,64,997,6,64,997,1,68,997
700,1,64,998,2,67,998,2,64,998,1,67,998,2,67,999,1,64,999,2,64,999,1,67,999
699,32,64,998,41,70,998,41,64,998,32,70,998,41,70,1004,32,64,1004,41,64,1004,32,70,1004
698,32,64,1005,39,73,1005,39,64,1005,32,73,1005,39,73,1009,32,64,1009,39,64,1009,32,73,1009
697,1,64,1008,9,72,1008,9,64,1008,1,72,1008,9,72,1014,1,64,1014,9,64,1014,1,72,1014
696,16,64,1008,25,72,1008,25,64,1008,16,72,1008,25,72,1015,16,64,1015,25,64,1015,16,72,1015
695,512,256,1013,717,401,1013,717,256,1013,512,401,1013,717,401,1127,512,256,1127,717,256,1127,512,401,1127
694,128,128,1013,166,163,1013,166,128,1013,128,163,1013,166,163,1024,128,128,1024,166,128,1024,128,163,1024
693,1,1,1022,33,90,1022,33,1,1022,1,90,1022,33,90,1038,1,1,1038,33,1,1038,1,90,1038
692,512,512,1031,694,628,1031,694,512,1031,512,628,1031,694,628,1146,512,512,1146,694,512,1146,512,628,1146
691,128,128,1025,131,133,1025,131,128,1025,128,133,1025,131,133,1027,128,128,1027,131,128,1027,128,133,1027
690,256,256,1046,495,391,1046,495,256,1046,256,391,1046,495,391,1175,256,256,1175,495,256,1175,256,391,1175
689,128,128,1028,173,147,1028,173,128,1028,128,147,1028,173,147,1037,128,128,1037,173,128,1037,128,147,1037
688,128,128,1038,135,130,1038,135,128,1038,128,130,1038,135,130,1040,128,128,1040,135,128,1040,128,130,1040
687,1,1,1039,10,9,1039,10,1,1039,1,9,1039,10,9,1046,1,1,1046,10,1,1046,1,9,1046
686,16,1,1039,21,9,1039,21,1,1039,16,9,1039,21,9,1041,16,1,1041,21,1,1041,16,9,1041
685,32,1,1039,48,16,1039,48,1,1039,32,16,1039,48,16,1054,32,1,1054,48,1,1054,32,16,1054
684,128,128,1041,192,154,1041,192,128,1041,128,154,1041,192,154,1046,128,128,1046,192,128,1046,128,154,1046
683,512,1,1059,641,130,1059,641,1,1059,512,130,1059,641,130,1133,512,1,1133,641,1,1133,512,130,1133
682,1,1,1065,207,248,1065,207,1,1065,1,248,1065,207,248,1206,1,1,1206,207,1,1206,1,248,1206
681,256,512,1066,262,519,1066,262,512,1066,256,519,1066,262,519,1067,256,512,1067,262,512,1067,256,519,1067
680,256,512,1068,259,518,1068,259,512,1068,256,518,1068,259,518,1069,256,512,1069,259,512,1069,256,518,1069
679,256,512,1070,455,670,1070,455,512,1070,256,670,1070,455,670,1168,256,512,1168,455,512,1168,256,670,1168
678,1,256,1103,37,285,1103,37,256,1103,1,285,1103,37,285,1119,1,256,1119,37,256,1119,1,285,1119
677,64,256,1103,157,296,1103,157,256,1103,64,296,1103,157,296,1113,64,256,1113,157,256,1113,64,296,1113
676,64,256,1114,72,264,1114,72,256,1114,64,264,1114,72,264,1120,64,256,1120,72,256,1120,64,264,1120
675,128,256,1114,162,308,1114,162,256,1114,128,308,1114,162,308,1141,128,256,1141,162,256,1141,128,308,1141
674,256,1,1119,265,3,1119,265,1,1119,256,3,1119,265,3,1120,256,1,1120,265,1,1120,256,3,1120
673,256,4,1119,287,48,1119,287,4,1119,256,48,1119,287,48,1134,256,4,1134,287,4,1134,256,48,1134
672,256,64,1119,263,68,1119,263,64,1119,256,68,1119,263,68,1121,256,64,1121,263,64,1121,256,68,1121
671,256,128,1119,263,131,1119,263,128,1119,256,131,1119,263,131,1120,256,128,1120,263,128,1120,256,131,1120
670,512,256,1128,715,460,1128,715,256,1128,512,460,1128,715,460,1221,512,256,1221,715,256,1221,512,460,1221
669,256,64,1122,451,204,1122,451,64,1122,256,204,1122,451,204,1200,256,64,1200,451,64,1200,256,204,1200
668,1,256,1120,8,263,1120,8,256,1120,1,263,1120,8,263,1122,1,256,1122,8,256,1122,1,263,1122
667,16,256,1120,39,274,1120,39,256,1120,16,274,1120,39,274,1125,16,256,1125,39,256,1125,16,274,1125
666,64,256,1121,95,305,1121,95,256,1121,64,305,1121,95,305,1137,64,256,1137,95,256,1137,64,305,1137
665,512,1,1134,665,242,1134,665,1,1134,512,242,1134,665,242,1273,512,1,1273,665,1,1273,512,242,1273
664,1,256,1123,10,262,1123,10,256,1123,1,262,1123,10,262,1127,1,256,1127,10,256,1127,1,262,1127
663,1,512,1135,211,665,1135,211,512,1135,1,665,1135,211,665,1199,1,512,1199,211,512,1199,1,665,1199
662,1,256,1142,235,365,1142,235,256,1142,1,365,1142,235,365,1207,1,256,1207,235,256,1207,1,365,1207
661,256,1,1135,283,32,1135,283,1,1135,256,32,1135,283,32,1160,256,1,1160,283,1,1160,256,32,1160
660,512,512,1147,520,518,1147,520,512,1147,512,518,1147,520,518,1149,512,512,1149,520,512,1149,512,518,1149
659,512,512,1150,581,529,1150,581,512,1150,512,529,1150,581,529,1158,512,512,1158,581,512,1158,512,529,1158
658,512,512,1159,602,645,1159,602,512,1159,512,645,1159,602,645,1232,512,512,1232,602,512,1232,512,645,1232
657,256,1,1161,259,6,1161,259,1,1161,256,6,1161,259,6,1163,256,1,1163,259,1,1163,256,6,1163
656,256,8,1161,260,11,1161,260,8,1161,256,11,1161,260,11,1164,256,8,1164,260,8,1164,256,11,1164
655,256,16,1161,276,55,1161,276,16,1161,256,55,1161,276,55,1177,256,16,1177,276,16,1177,256,55,1177
654,256,512,1169,296,566,1169,296,512,1169,256,566,1169,296,566,1192,256,512,1192,296,512,1192,256,566,1192
653,256,1,1164,263,7,1164,263,1,1164,256,7,1164,263,7,1168,256,1,1168,263,1,1168,256,7,1168
652,256,256,1176,468,463,1176,468,256,1176,256,463,1176,468,463,1326,256,256,1326,468,256,1326,256,463,1326
651,256,1,1178,323,53,1178,323,1,1178,256,53,1178,323,53,1187,256,1,1187,323,1,1187,256,53,1187
650,256,1,1188,287,8,1188,287,1,1188,256,8,1188,287,8,1195,256,1,1195,287,1,1195,256,8,1195
649,256,16,1188,283,35,1188,283,16,1188,256,35,1188,283,35,1194,256,16,1194,283,16,1194,256,35,1194
648,256,512,1193,262,518,1193,262,512,1193,256,518,1193,262,518,1196,256,512,1196,262,512,1196,256,518,1196
647,256,1,1196,290,62,1196,290,1,1196,256,62,1196,290,62,1229,256,1,1229,290,1,1229,256,62,1229
646,256,512,1197,314,570,1197,314,512,1197,256,570,1197,314,570,1221,256,512,1221,314,512,1221,256,570,1221
645,1,512,1200,165,696,1200,165,512,1200,1,696,1200,165,696,1339,1,512,1339,165,512,1339,1,696,1339
644,1,1,1207,162,228,1207,162,1,1207,1,228,1207,162,228,1346,1,1,1346,162,1,1346,1,228,1346
643,256,64,1201,263,71,1201,263,64,1201,256,71,1201,263,71,1205,256,64,1205,263,64,1205,256,71,1205
642,256,128,1201,260,133,1201,260,128,1201,256,133,1201,260,133,1204,256,128,1204,260,128,1204,256,133,1204
641,256,64,1206,477,255,1206,477,64,1206,256,255,1206,477,255,1324,256,64,1324,477,64,1324,256,255,1324
640,1,256,1208,34,268,1208,34,256,1208,1,268,1208,34,268,1210,1,256,1210,34,256,1210,1,268,1210
639,64,256,1208,99,293,1208,99,256,1208,64,293,1208,99,293,1230,64,256,1230,99,256,1230,64,293,1230
638,128,256,1208,133,260,1208,133,256,1208,128,260,1208,133,260,1212,128,256,1212,133,256,1212,128,260,1212
637,1,256,1211,31,313,1211,31,256,1211,1,313,1211,31,313,1217,1,256,1217,31,256,1217,1,313,1217
636,128,256,1213,202,288,1213,202,256,1213,128,288,1213,202,288,1217,128,256,1217,202,256,1217,128,288,1217
635,32,256,1211,45,273,1211,45,256,1211,32,273,1211,45,273,1219,32,256,1219,45,256,1219,32,273,1219
634,1,256,1218,17,272,1218,17,256,1218,1,272,1218,17,272,1227,1,256,1227,17,256,1227,1,272,1227
633,128,256,1218,165,268,1218,165,256,1218,128,268,1218,165,268,1228,128,256,1228,165,256,1228,128,268,1228
632,512,256,1222,715,472,1222,715,256,1222,512,472,1222,715,472,1333,512,256,1333,715,256,1333,512,472,1333
631,32,256,1220,40,261,1220,40,256,1220,32,261,1220,40,261,1224,32,256,1224,40,256,1224,32,261,1224
630,256,512,1222,355,553,1222,355,512,1222,256,553,1222,355,553,1235,256,512,1235,355,512,1235,256,553,1235
629,32,256,1225,55,282,1225,55,256,1225,32,282,1225,55,282,1233,32,256,1233,55,256,1233,32,282,1233
628,128,256,1229,250,370,1229,250,256,1229,128,370,1229,250,370,1337,128,256,1337,250,256,1337,128,370,1337
627,256,1,1230,332,16,1230,332,1,1230,256,16,1230,332,16,1239,256,1,1239,332,1,1239,256,16,1239
626,64,256,1231,122,289,1231,122,256,1231,64,289,1231,122,289,1252,64,256,1252,122,256,1252,64,289,1252
625,1,256,1228,11,288,1228,11,256,1228,1,288,1228,11,288,1232,1,256,1232,11,256,1232,1,288,1232
624,512,512,1233,747,611,1233,747,512,1233,512,611,1233,747,611,1304,512,512,1304,747,512,1304,512,611,1304
623,16,256,1228,24,263,1228,24,256,1228,16,263,1228,24,263,1229,16,256,1229,24,256,1229,16,263,1229
622,256,32,1230,302,51,1230,302,32,1230,256,51,1230,302,51,1234,256,32,1234,302,32,1234,256,51,1234
621,1,256,1234,54,290,1234,54,256,1234,1,290,1234,54,290,1259,1,256,1259,54,256,1259,1,290,1259
620,256,32,1235,263,39,1235,263,32,1235,256,39,1235,263,39,1240,256,32,1240,263,32,1240,256,39,1240
619,256,512,1236,276,600,1236,276,512,1236,256,600,1236,276,600,1253,256,512,1253,276,512,1253,256,600,1253
618,256,1,1240,263,7,1240,263,1,1240,256,7,1240,263,7,1241,256,1,1241,263,1,1241,256,7,1241
617,256,512,1254,499,686,1254,499,512,1254,256,686,1254,499,686,1346,256,512,1346,499,512,1346,256,686,1346
616,512,1,1274,682,203,1274,682,1,1274,512,203,1274,682,203,1433,512,1,1433,682,1,1433,512,203,1433
615,256,8,1240,291,28,1240,291,8,1240,256,28,1240,291,28,1258,256,8,1258,291,8,1258,256,28,1258
614,512,512,1305,680,702,1305,680,512,1305,512,702,1305,680,702,1385,512,512,1385,680,512,1385,512,702,1385
613,256,32,1241,283,61,1241,283,32,1241,256,61,1241,283,61,1247,256,32,1247,283,32,1247,256,61,1247
612,64,256,1253,90,294,1253,90,256,1253,64,294,1253,90,294,1261,64,256,1261,90,256,1261,64,294,1261
611,256,32,1248,325,56,1248,325,32,1248,256,56,1248,325,56,1269,256,32,1269,325,32,1269,256,56,1269
610,256,1,1259,257,8,1259,257,1,1259,256,8,1259,257,8,1260,256,1,1260,257,1,1260,256,8,1260
609,1,256,1260,33,278,1260,33,256,1260,1,278,1260,33,278,1265,1,256,1265,33,256,1265,1,278,1265
608,256,16,1259,263,19,1259,263,16,1259,256,19,1259,263,19,1262,256,16,1262,263,16,1262,256,19,1262
607,256,1,1325,434,223,1325,434,1,1325,256,223,1325,434,223,1448,256,1,1448,434,1,1448,256,223,1448
606,64,256,1262,110,292,1262,110,256,1262,64,292,1262,110,292,1282,64,256,1282,110,256,1282,64,292,1282
605,1,256,1266,10,263,1266,10,256,1266,1,263,1266,10,263,1270,1,256,1270,10,256,1270,1,263,1270
604,16,256,1266,22,265,1266,22,256,1266,16,265,1266,22,265,1267,16,256,1267,22,256,1267,16,265,1267
603,256,256,1327,472,389,1327,472,256,1327,256,389,1327,472,389,1423,256,256,1423,472,256,1423,256,389,1423
602,16,256,1268,55,291,1268,55,256,1268,16,291,1268,55,291,1295,16,256,1295,55,256,1295,16,291,1295
601,64,256,1283,119,287,1283,119,256,1283,64,287,1283,119,287,1300,64,256,1300,119,256,1300,64,287,1300
600,1,256,1296,38,331,1296,38,256,1296,1,331,1296,38,331,1330,1,256,1330,38,256,1330,1,331,1330
599,512,256,1334,752,363,1334,752,256,1334,512,363,1334,752,363,1435,512,256,1435,752,256,1435,512,363,1435
598,1,256,1338,183,450,1338,183,256,1338,1,450,1338,183,450,1508,1,256,1508,183,256,1508,1,450,1508
597,1,512,1340,23,529,1340,23,512,1340,1,529,1340,23,529,1354,1,512,1354,23,512,1354,1,529,1354
582,1,1,1347,246,129,1347,246,1,1347,1,129,1347,246,129,1450,1,1,1450,246,1,1450,1,129,1450
585,32,512,1340,39,518,1340,39,512,1340,32,518,1340,39,518,1345,32,512,1345,39,512,1345,32,518,1345
584,64,512,1340,190,651,1340,190,512,1340,64,651,1340,190,651,1448,64,512,1448,190,512,1448,64,651,1448
589,256,512,1347,480,753,1347,480,512,1347,256,753,1347,480,753,1526,256,512,1526,480,512,1526,256,753,1526
595,32,512,1346,35,518,1346,35,512,1346,32,518,1346,35,518,1347,32,512,1347,35,512,1347,32,518,1347
594,512,512,1386,578,568,1386,578,512,1386,512,568,1386,578,568,1425,512,512,1425,578,512,1425,512,568,1425
583,256,256,1424,401,369,1424,401,256,1424,256,369,1424,401,369,1528,256,256,1528,401,256,1528,256,369,1528
592,1,512,1355,54,538,1355,54,512,1355,1,538,1355,54,538,1367,1,512,1367,54,512,1367,1,538,1367
590,1,512,1368,47,573,1368,47,512,1368,1,573,1368,47,573,1394,1,512,1394,47,512,1394,1,573,1394
593,1,512,1395,45,592,1395,45,512,1395,1,592,1395,45,592,1405,1,512,1405,45,512,1405,1,592,1405
588,1,512,1406,2,515,1406,2,512,1406,1,515,1406,2,515,1407,1,512,1407,2,512,1407,1,515,1407
596,4,512,1406,41,599,1406,41,512,1406,4,599,1406,41,599,1434,4,512,1434,41,512,1434,4,599,1434
586,512,512,1426,540,574,1426,540,512,1426,512,574,1426,540,574,1437,512,512,1437,540,512,1437,512,574,1437
591,512,1,1434,541,56,1434,541,1,1434,512,56,1434,541,56,1454,512,1,1454,541,1,1454,512,56,1454
587,512,64,1434,709,237,1434,709,64,1434,512,237,1434,709,237,1589,512,64,1589,709,64,1589,512,237,1589
581,1,512,1435,36,571,1435,36,512,1435,1,571,1435,36,571,1452,1,512,1452,36,512,1452,1,571,1452
580,512,256,1436,522,281,1436,522,256,1436,512,281,1436,522,281,1445,512,256,1445,522,256,1445,512,281,1445
579,512,512,1438,513,515,1438,513,512,1438,512,515,1438,513,515,1439,512,512,1439,513,512,1439,512,515,1439
578,512,512,1440,545,605,1440,545,512,1440,512,605,1440,545,605,1464,512,512,1464,545,512,1464,512,605,1464
577,512,256,1446,520,260,1446,520,256,1446,512,260,1446,520,260,1450,512,256,1450,520,256,1450,512,260,1450
576,256,1,1449,380,216,1449,380,1,1449,256,216,1449,380,216,1522,256,1,1522,380,1,1522,256,216,1522
575,64,512,1449,66,520,1449,66,512,1449,64,520,1449,66,520,1450,64,512,1450,66,512,1450,64,520,1450
574,128,512,1449,133,518,1449,133,512,1449,128,518,1449,133,518,1451,128,512,1451,133,512,1451,128,518,1451
573,1,1,1451,13,46,1451,13,1,1451,1,46,1451,13,46,1461,1,1,1461,13,1,1461,1,46,1461
572,16,1,1451,47,45,1451,47,1,1451,16,45,1451,47,45,1468,16,1,1468,47,1,1468,16,45,1468
571,64,1,1451,99,27,1451,99,1,1451,64,27,1451,99,27,1463,64,1,1463,99,1,1463,64,27,1463
570,64,32,1451,236,158,1451,236,32,1451,64,158,1451,236,158,1516,64,32,1516,236,32,1516,64,158,1516
569,512,256,1451,725,469,1451,725,256,1451,512,469,1451,725,469,1653,512,256,1653,725,256,1653,512,469,1653
568,1,512,1453,250,641,1453,250,512,1453,1,641,1453,250,641,1572,1,512,1572,250,512,1572,1,641,1572
567,128,1,1451,177,23,1451,177,1,1451,128,23,1451,177,23,1455,128,1,1455,177,1,1455,128,23,1455
566,1,64,1451,9,114,1451,9,64,1451,1,114,1451,9,114,1459,1,64,1459,9,64,1459,1,114,1459
565,512,512,1465,678,731,1465,678,512,1465,512,731,1465,678,731,1582,512,512,1582,678,512,1582,512,731,1582
564,1,256,1509,226,448,1509,226,256,1509,1,448,1509,226,448,1653,1,256,1653,226,256,1653,1,448,1653
563,16,64,1451,46,82,1451,46,64,1451,16,82,1451,46,82,1461,16,64,1461,46,64,1461,16,82,1461
562,1,1,1517,118,133,1517,118,1,1517,1,133,1517,118,133,1609,1,1,1609,118,1,1609,1,133,1609
561,512,1,1455,544,20,1455,544,1,1455,512,20,1455,544,20,1461,512,1,1461,544,1,1461,512,20,1461
560,512,32,1455,548,52,1455,548,32,1455,512,52,1455,548,52,1469,512,32,1469,548,32,1469,512,52,1469
559,128,1,1456,135,7,1456,135,1,1456,128,7,1456,135,7,1458,128,1,1458,135,1,1458,128,7,1458
558,128,8,1456,132,11,1456,132,8,1456,128,11,1456,132,11,1458,128,8,1458,132,8,1458,128,11,1458
557,128,16,1456,134,23,1456,134,16,1456,128,23,1456,134,23,1460,128,16,1460,134,16,1460,128,23,1460
556,128,1,1517,236,166,1517,236,1,1517,128,166,1517,236,166,1595,128,1,1595,236,1,1595,128,166,1595
555,512,1,1462,520,5,1462,520,1,1462,512,5,1462,520,5,1465,512,1,1465,520,1,1465,512,5,1465
554,512,1,1470,563,61,1470,563,1,1470,512,61,1470,563,61,1509,512,1,1509,563,1,1509,512,61,1509
553,256,1,1523,307,65,1523,307,1,1523,256,65,1523,307,65,1545,256,1,1545,307,1,1545,256,65,1545
552,256,128,1523,287,226,1523,287,128,1523,256,226,1523,287,226,1538,256,128,1538,287,128,1538,256,226,1538
551,256,512,1527,387,711,1527,387,512,1527,256,711,1527,387,711,1606,256,512,1606,387,512,1606,256,711,1606
550,256,256,1529,490,448,1529,490,256,1529,256,448,1529,490,448,1676,256,256,1676,490,256,1676,256,448,1676
549,512,1,1510,542,53,1510,542,1,1510,512,53,1510,542,53,1517,512,1,1517,542,1,1517,512,53,1517
548,256,1,1546,379,200,1546,379,1,1546,256,200,1546,379,200,1614,256,1,1614,379,1,1614,256,200,1614
547,512,1,1518,520,10,1518,520,1,1518,512,10,1518,520,10,1519,512,1,1519,520,1,1519,512,10,1519
546,1,512,1573,198,666,1573,198,512,1573,1,666,1573,198,666,1686,1,512,1686,198,512,1686,1,666,1686
545,512,16,1518,540,48,1518,540,16,1518,512,48,1518,540,48,1534,512,16,1534,540,16,1534,512,48,1534
544,512,1,1535,560,38,1535,560,1,1535,512,38,1535,560,38,1568,512,1,1568,560,1,1568,512,38,1568
543,512,1,1569,519,6,1569,519,1,1569,512,6,1569,519,6,1574,512,1,1574,519,1,1574,512,6,1574
542,512,8,1569,521,16,1569,521,8,1569,512,16,1569,521,16,1573,512,8,1573,521,8,1573,512,16,1573
541,512,32,1569,521,41,1569,521,32,1569,512,41,1569,521,41,1576,512,32,1576,521,32,1576,512,41,1576
540,512,1,1577,541,52,1577,541,1,1577,512,52,1577,541,52,1594,512,1,1594,541,1,1594,512,52,1594
539,512,512,1583,573,540,1583,573,512,1583,512,540,1583,573,540,1597,512,512,1597,573,512,1597,512,540,1597
538,512,64,1590,519,70,1590,519,64,1590,512,70,1590,519,70,1593,512,64,1593,519,64,1593,512,70,1593
537,512,128,1590,571,182,1590,571,128,1590,512,182,1590,571,182,1602,512,128,1602,571,128,1602,512,182,1602
536,512,512,1598,736,698,1598,736,512,1598,512,698,1598,736,698,1690,512,512,1690,736,512,1690,512,698,1690
535,512,64,1594,516,70,1594,516,64,1594,512,70,1594,516,70,1597,512,64,1597,516,64,1597,512,70,1597
534,512,1,1603,685,141,1603,685,1,1603,512,141,1603,685,141,1703,512,1,1703,685,1,1703,512,141,1703
533,128,1,1596,136,3,1596,136,1,1596,128,3,1596,136,3,1598,128,1,1598,136,1,1598,128,3,1598
532,128,4,1596,182,20,1596,182,4,1596,128,20,1596,182,20,1603,128,4,1603,182,4,1603,128,20,1603
531,128,32,1596,135,39,1596,135,32,1596,128,39,1596,135,39,1598,128,32,1598,135,32,1598,128,39,1598
530,128,64,1596,171,87,1596,171,64,1596,128,87,1596,171,87,1604,128,64,1604,171,64,1604,128,87,1604
529,256,512,1607,440,706,1607,440,512,1607,256,706,1607,440,706,1777,256,512,1777,440,512,1777,256,706,1777
528,128,128,1596,132,134,1596,132,128,1596,128,134,1596,132,134,1597,128,128,1597,132,128,1597,128,134,1597
527,128,128,1598,176,164,1598,176,128,1598,128,164,1598,176,164,1628,128,128,1628,176,128,1628,128,164,1628
526,128,32,1599,134,41,1599,134,32,1599,128,41,1599,134,41,1600,128,32,1600,134,32,1600,128,41,1600
525,128,1,1604,155,43,1604,155,1,1604,128,43,1604,155,43,1615,128,1,1615,155,1,1615,128,43,1615
524,256,1,1615,501,152,1615,501,1,1615,256,152,1615,501,152,1763,256,1,1763,501,1,1763,256,152,1763
523,128,64,1605,165,87,1605,165,64,1605,128,87,1605,165,87,1626,128,64,1626,165,64,1626,128,87,1626
522,1,1,1610,124,132,1610,124,1,1610,1,132,1610,124,132,1683,1,1,1683,124,1,1683,1,132,1683
521,128,1,1616,185,20,1616,185,1,1616,128,20,1616,185,20,1632,128,1,1632,185,1,1632,128,20,1632
520,128,32,1627,168,88,1627,168,32,1627,128,88,1627,168,88,1636,128,32,1636,168,32,1636,128,88,1636
519,128,128,1629,133,129,1629,133,128,1629,128,129,1629,133,129,1630,128,128,1630,133,128,1630,128,129,1630
518,1,256,1654,235,429,1654,235,256,1654,1,429,1654,235,429,1736,1,256,1736,235,256,1736,1,429,1736
517,128,128,1631,169,150,1631,169,128,1631,128,150,1631,169,150,1637,128,128,1637,169,128,1637,128,150,1637
516,128,1,1637,163,32,1637,163,1,1637,128,32,1637,163,32,1665,128,1,1665,163,1,1665,128,32,1665
515,512,256,1654,755,353,1654,755,256,1654,512,353,1654,755,353,1743,512,256,1743,755,256,1743,512,353,1743
514,128,64,1637,195,106,1637,195,64,1637,128,106,1637,195,106,1648,128,64,1648,195,64,1648,128,106,1648
513,128,128,1638,146,176,1638,146,128,1638,128,176,1638,146,176,1654,128,128,1654,146,128,1654,128,176,1654
512,128,64,1655,168,160,1655,168,64,1655,128,160,1655,168,160,1659,128,64,1659,168,64,1659,128,160,1659
511,128,64,1660,182,133,1660,182,64,1660,128,133,1660,182,133,1693,128,64,1693,182,64,1693,128,133,1693
510,256,256,1677,400,366,1677,400,256,1677,256,366,1677,400,366,1761,256,256,1761,400,256,1761,256,366,1761
509,1,512,1687,210,745,1687,210,512,1687,1,745,1687,210,745,1886,1,512,1886,210,512,1886,1,745,1886
508,128,1,1666,135,5,1666,135,1,1666,128,5,1666,135,5,1667,128,1,1667,135,1,1667,128,5,1667
507,128,8,1666,143,47,1666,143,8,1666,128,47,1666,143,47,1678,128,8,1678,143,8,1678,128,47,1678
506,128,1,1679,152,34,1679,152,1,1679,128,34,1679,152,34,1699,128,1,1699,152,1,1699,128,34,1699
505,1,1,1684,47,53,1684,47,1,1684,1,53,1684,47,53,1705,1,1,1705,47,1,1705,1,53,1705
504,64,1,1684,71,9,1684,71,1,1684,64,9,1684,71,9,1688,64,1,1688,71,1,1688,64,9,1688
503,512,512,1691,735,628,1691,735,512,1691,512,628,1691,735,628,1769,512,512,1769,735,512,1769,512,628,1769
502,64,16,1684,82,78,1684,82,16,1684,64,78,1684,82,78,1690,64,16,1690,82,16,1690,64,78,1690
501,1,64,1684,27,89,1684,27,64,1684,1,89,1684,27,89,1707,1,64,1707,27,64,1707,1,89,1707
500,32,64,1684,34,67,1684,34,64,1684,32,67,1684,34,67,1685,32,64,1685,34,64,1685,32,67,1685
499,1,128,1684,42,158,1684,42,128,1684,1,158,1684,42,158,1706,1,128,1706,42,128,1706,1,158,1706
498,32,64,1691,96,110,1691,96,64,1691,32,110,1691,96,110,1707,32,64,1707,96,64,1707,32,110,1707
497,512,1,1704,758,197,1704,758,1,1704,512,197,1704,758,197,1793,512,1,1793,758,1,1793,512,197,1793
496,64,128,1684,112,156,1684,112,128,1684,64,156,1684,112,156,1701,64,128,1701,112,128,1701,64,156,1701
495,64,1,1689,73,4,1689,73,1,1689,64,4,1689,73,4,1690,64,1,1690,73,1,1690,64,4,1690
494,128,64,1694,192,130,1694,192,64,1694,128,130,1694,192,130,1731,128,64,1731,192,64,1731,128,130,1731
493,1,1,1732,207,133,1732,207,1,1732,1,133,1732,207,133,1840,1,1,1840,207,1,1840,1,133,1840
492,1,256,1737,44,321,1737,44,256,1737,1,321,1737,44,321,1762,1,256,1762,44,256,1762,1,321,1762
491,64,256,1737,73,265,1737,73,256,1737,64,265,1737,73,265,1742,64,256,1742,73,256,1742,64,265,1742
490,128,256,1737,176,278,1737,176,256,1737,128,278,1737,176,278,1750,128,256,1750,176,256,1750,128,278,1750
489,64,256,1743,70,262,1743,70,256,1743,64,262,1743,70,262,1744,64,256,1744,70,256,1744,64,262,1744
488,512,256,1744,520,264,1744,520,256,1744,512,264,1744,520,264,1747,512,256,1747,520,256,1747,512,264,1747
487,64,256,1745,73,261,1745,73,256,1745,64,261,1745,73,261,1748,64,256,1748,73,256,1748,64,261,1748
486,512,256,1748,694,384,1748,694,256,1748,512,384,1748,694,384,1861,512,256,1861,694,256,1861,512,384,1861
485,64,256,1751,154,299,1751,154,256,1751,64,299,1751,154,299,1785,64,256,1785,154,256,1785,64,299,1785
484,256,256,1762,300,325,1762,300,256,1762,256,325,1762,300,325,1796,256,256,1796,300,256,1796,256,325,1796
483,256,1,1764,460,217,1764,460,1,1764,256,217,1764,460,217,1951,256,1,1951,460,1,1951,256,217,1951
482,1,256,1763,34,274,1763,34,256,1763,1,274,1763,34,274,1769,1,256,1769,34,256,1769,1,274,1769
481,512,512,1770,715,666,1770,715,512,1770,512,666,1770,715,666,1923,512,512,1923,715,512,1923,512,666,1923
480,1,256,1770,59,321,1770,59,256,1770,1,321,1770,59,321,1799,1,256,1799,59,256,1799,1,321,1799
479,256,512,1778,447,730,1778,447,512,1778,256,730,1778,447,730,1901,256,512,1901,447,512,1901,256,730,1901
478,64,256,1786,101,295,1786,101,256,1786,64,295,1786,101,295,1795,64,256,1795,101,256,1795,64,295,1795
477,128,256,1786,131,259,1786,131,256,1786,128,259,1786,131,259,1787,128,256,1787,131,256,1787,128,259,1787
476,128,256,1788,163,286,1788,163,256,1788,128,286,1788,163,286,1800,128,256,1800,163,256,1800,128,286,1800
475,512,1,1794,517,7,1794,517,1,1794,512,7,1794,517,7,1797,512,1,1797,517,1,1797,512,7,1797
474,512,8,1794,581,52,1794,581,8,1794,512,52,1794,581,52,1831,512,8,1831,581,8,1831,512,52,1831
473,512,64,1794,518,70,1794,518,64,1794,512,70,1794,518,70,1798,512,64,1798,518,64,1798,512,70,1798
472,512,128,1794,514,131,1794,514,128,1794,512,131,1794,514,131,1795,512,128,1795,514,128,1795,512,131,1795
471,512,128,1796,553,200,1796,553,128,1796,512,200,1796,553,200,1814,512,128,1814,553,128,1814,512,200,1814
470,256,256,1797,502,414,1797,502,256,1797,256,414,1797,502,414,1865,256,256,1865,502,256,1865,256,414,1865
469,1,256,1800,98,406,1800,98,256,1800,1,406,1800,98,406,1890,1,256,1890,98,256,1890,1,406,1890
468,512,1,1798,520,7,1798,520,1,1798,512,7,1798,520,7,1802,512,1,1802,520,1,1802,512,7,1802
467,512,64,1799,518,70,1799,518,64,1799,512,70,1799,518,70,1805,512,64,1805,518,64,1805,512,70,1805
466,128,256,1801,136,263,1801,136,256,1801,128,263,1801,136,263,1802,128,256,1802,136,256,1802,128,263,1802
465,128,256,1803,184,289,1803,184,256,1803,128,289,1803,184,289,1832,128,256,1832,184,256,1832,128,289,1832
464,512,64,1815,550,140,1815,550,64,1815,512,140,1815,550,140,1849,512,64,1849,550,64,1849,512,140,1849
463,512,1,1832,518,10,1832,518,1,1832,512,10,1832,518,10,1836,512,1,1836,518,1,1836,512,10,1836
462,1,1,1841,177,243,1841,177,1,1841,1,243,1841,177,243,2016,1,1,2016,177,1,2016,1,243,2016
461,128,256,1833,162,305,1833,162,256,1833,128,305,1833,162,305,1838,128,256,1838,162,256,1838,128,305,1838
460,512,16,1832,565,60,1832,565,16,1832,512,60,1832,565,60,1863,512,16,1863,565,16,1863,512,60,1863
459,128,256,1839,146,272,1839,146,256,1839,128,272,1839,146,272,1850,128,256,1850,146,256,1850,128,272,1850
458,512,64,1850,552,109,1850,552,64,1850,512,109,1850,552,109,1875,512,64,1875,552,64,1875,512,109,1875
457,512,128,1850,533,151,1850,533,128,1850,512,151,1850,533,151,1863,512,128,1863,533,128,1863,512,151,1863
456,128,256,1851,182,312,1851,182,256,1851,128,312,1851,182,312,1858,128,256,1858,182,256,1858,128,312,1858
455,128,256,1859,174,283,1859,174,256,1859,128,283,1859,174,283,1886,128,256,1886,174,256,1886,128,283,1886
454,512,256,1862,564,302,1862,564,256,1862,512,302,1862,564,302,1893,512,256,1893,564,256,1893,512,302,1893
453,512,1,1864,565,38,1864,565,1,1864,512,38,1864,565,38,1874,512,1,1874,565,1,1874,512,38,1874
452,512,128,1864,526,137,1864,526,128,1864,512,137,1864,526,137,1868,512,128,1868,526,128,1868,512,137,1868
451,256,256,1866,296,281,1866,296,256,1866,256,281,1866,296,281,1876,256,256,1876,296,256,1876,256,281,1876
450,512,128,1869,521,135,1869,521,128,1869,512,135,1869,521,135,1875,512,128,1875,521,128,1875,512,135,1875
449,512,1,1876,759,225,1876,759,1,1876,512,225,1876,759,225,1970,512,1,1970,759,1,1970,512,225,1970
448,256,256,1877,259,265,1877,259,256,1877,256,265,1877,259,265,1878,256,256,1878,259,256,1878,256,265,1878
447,256,256,1879,261,265,1879,261,256,1879,256,265,1879,261,265,1884,256,256,1884,261,256,1884,256,265,1884
446,256,256,1885,259,265,1885,259,256,1885,256,265,1885,259,265,1886,256,256,1886,259,256,1886,256,265,1886
445,128,256,1887,189,282,1887,189,256,1887,128,282,1887,189,282,1894,128,256,1894,189,256,1894,128,282,1894
444,256,256,1887,292,319,1887,292,256,1887,256,319,1887,292,319,1914,256,256,1914,292,256,1914,256,319,1914
443,1,512,1887,194,674,1887,194,512,1887,1,674,1887,194,674,2048,1,512,2048,194,512,2048,1,674,2048
442,1,256,1891,9,260,1891,9,256,1891,1,260,1891,9,260,1893,1,256,1893,9,256,1893,1,260,1893
441,16,256,1891,46,297,1891,46,256,1891,16,297,1891,46,297,1917,16,256,1917,46,256,1917,16,297,1917
440,64,256,1891,105,270,1891,105,256,1891,64,270,1891,105,270,1898,64,256,1898,105,256,1898,64,270,1898
439,512,256,1894,674,505,1894,674,256,1894,512,505,1894,674,505,2044,512,256,2044,674,256,2044,512,505,2044
438,128,256,1895,154,288,1895,154,256,1895,128,288,1895,154,288,1898,128,256,1898,154,256,1898,128,288,1898
437,64,256,1899,122,314,1899,122,256,1899,64,314,1899,122,314,1932,64,256,1932,122,256,1932,64,314,1932
436,1,256,1894,9,258,1894,9,256,1894,1,258,1894,9,258,1895,1,256,1895,9,256,1895,1,258,1895
435,128,256,1899,151,315,1899,151,256,1899,128,315,1899,151,315,1913,128,256,1913,151,256,1913,128,315,1913
434,1,256,1896,7,258,1896,7,256,1896,1,258,1896,7,258,1897,1,256,1897,7,256,1897,1,258,1897
433,256,512,1902,322,561,1902,322,512,1902,256,561,1902,322,561,1908,256,512,1908,322,512,1908,256,561,1908
432,8,256,1896,13,265,1896,13,256,1896,8,265,1896,13,265,1899,8,256,1899,13,256,1899,8,265,1899
431,256,512,1909,294,556,1909,294,512,1909,256,556,1909,294,556,1932,256,512,1932,294,512,1932,256,556,1932
430,1,256,1900,8,264,1900,8,256,1900,1,264,1900,8,264,1903,1,256,1903,8,256,1903,1,264,1903
429,1,256,1904,7,265,1904,7,256,1904,1,265,1904,7,265,1909,1,256,1909,7,256,1909,1,265,1909
428,128,256,1914,158,299,1914,158,256,1914,128,299,1914,158,299,1918,128,256,1918,158,256,1918,128,299,1918
427,256,256,1915,438,372,1915,438,256,1915,256,372,1915,438,372,1994,256,256,1994,438,256,1994,256,372,1994
426,128,256,1919,244,406,1919,244,256,1919,128,406,1919,244,406,1987,128,256,1987,244,256,1987,128,406,1987
425,512,512,1924,575,559,1924,575,512,1924,512,559,1924,575,559,1952,512,512,1952,575,512,1952,512,559,1952
424,256,512,1933,432,706,1933,432,512,1933,256,706,1933,432,706,2085,256,512,2085,432,512,2085,256,706,2085
423,1,256,1933,64,316,1933,64,256,1933,1,316,1933,64,316,1972,1,256,1972,64,256,1972,1,316,1972
422,256,1,1952,396,117,1952,396,1,1952,256,117,1952,396,117,2054,256,1,2054,396,1,2054,256,117,2054
421,256,128,1952,259,130,1952,259,128,1952,256,130,1952,259,130,1953,256,128,1953,259,128,1953,256,130,1953
420,512,512,1953,728,616,1953,728,512,1953,512,616,1953,728,616,2021,512,512,2021,728,512,2021,512,616,2021
419,256,128,1954,259,135,1954,259,128,1954,256,135,1954,259,135,1956,256,128,1956,259,128,1956,256,135,1956
418,256,128,1957,345,142,1957,345,128,1957,256,142,1957,345,142,1970,256,128,1970,345,128,1970,256,142,1970
417,512,1,1971,719,236,1971,719,1,1971,512,236,1971,719,236,2158,512,1,2158,719,1,2158,512,236,2158
416,256,128,1971,477,242,1971,477,128,1971,256,242,1971,477,242,2038,256,128,2038,477,128,2038,256,242,2038
415,1,256,1988,240,502,1988,240,256,1988,1,502,1988,240,502,2101,1,256,2101,240,256,2101,1,502,2101
414,256,256,1995,258,261,1995,258,256,1995,256,261,1995,258,261,1996,256,256,1996,258,256,1996,256,261,1996
413,256,256,1997,312,272,1997,312,256,1997,256,272,1997,312,272,2004,256,256,2004,312,256,2004,256,272,2004
412,256,256,2005,310,315,2005,310,256,2005,256,315,2005,310,315,2015,256,256,2015,310,256,2015,256,315,2015
411,256,256,2016,265,265,2016,265,256,2016,256,265,2016,265,265,2021,256,256,2021,265,256,2021,256,265,2021
410,1,1,2017,7,3,2017,7,1,2017,1,3,2017,7,3,2018,1,1,2018,7,1,2018,1,3,2018
409,8,1,2017,16,9,2017,16,1,2017,8,9,2017,16,9,2018,8,1,2018,16,1,2018,8,9,2018
408,32,1,2017,50,57,2017,50,1,2017,32,57,2017,50,57,2024,32,1,2024,50,1,2024,32,57,2024
407,64,1,2017,66,8,2017,66,1,2017,64,8,2017,66,8,2018,64,1,2018,66,1,2018,64,8,2018
406,128,1,2017,163,63,2017,163,1,2017,128,63,2017,163,63,2031,128,1,2031,163,1,2031,128,63,2031
405,1,16,2017,22,75,2017,22,16,2017,1,75,2017,22,75,2033,1,16,2033,22,16,2033,1,75,2033
404,64,16,2017,85,53,2017,85,16,2017,64,53,2017,85,53,2031,64,16,2031,85,16,2031,64,53,2031
403,256,256,2022,448,488,2022,448,256,2022,256,488,2022,448,488,2146,256,256,2146,448,256,2146,256,488,2146
402,1,4,2017,6,6,2017,6,4,2017,1,6,2017,6,6,2018,1,4,2018,6,4,2018,1,6,2018
401,32,64,2017,125,99,2017,125,64,2017,32,99,2017,125,99,2024,32,64,2024,125,64,2024,32,99,2024
400,128,64,2017,134,72,2017,134,64,2017,128,72,2017,134,72,2022,128,64,2022,134,64,2022,128,72,2022
399,512,512,2022,620,724,2022,620,512,2022,512,724,2022,620,724,2111,512,512,2111,620,512,2111,512,724,2111
398,1,128,2017,66,156,2017,66,128,2017,1,156,2017,66,156,2038,1,128,2038,66,128,2038,1,156,2038
397,1,1,2039,148,167,2039,148,1,2039,1,167,2039,148,167,2167,1,1,2167,148,1,2167,1,167,2167
396,256,128,2039,260,134,2039,260,128,2039,256,134,2039,260,134,2040,256,128,2040,260,128,2040,256,134,2040
395,512,256,2045,745,478,2045,745,256,2045,512,478,2045,745,478,2176,512,256,2176,745,256,2176,512,478,2176
394,256,128,2041,262,132,2041,262,128,2041,256,132,2041,262,132,2045,256,128,2045,262,128,2045,256,132,2045
393,256,128,2046,291,191,2046,291,128,2046,256,191,2046,291,191,2065,256,128,2065,291,128,2065,256,191,2065
392,1,512,2049,23,553,2049,23,512,2049,1,553,2049,23,553,2063,1,512,2063,23,512,2063,1,553,2063
391,32,512,2049,66,574,2049,66,512,2049,32,574,2049,66,574,2082,32,512,2082,66,512,2082,32,574,2082
390,128,512,2049,134,544,2049,134,512,2049,128,544,2049,134,544,2053,128,512,2053,134,512,2053,128,544,2053
389,128,512,2054,146,544,2054,146,512,2054,128,544,2054,146,544,2064,128,512,2064,146,512,2064,128,544,2064
388,256,1,2055,300,21,2055,300,1,2055,256,21,2055,300,21,2063,256,1,2063,300,1,2063,256,21,2063
387,256,32,2055,330,71,2055,330,32,2055,256,71,2055,330,71,2084,256,32,2084,330,32,2084,256,71,2084
386,1,512,2083,215,711,2083,215,512,2083,1,711,2083,215,711,2177,1,512,2177,215,512,2177,1,711,2177
385,256,128,2066,306,182,2066,306,128,2066,256,182,2066,306,182,2095,256,128,2095,306,128,2095,256,182,2095
384,256,1,2064,262,5,2064,262,1,2064,256,5,2064,262,5,2066,256,1,2066,262,1,2066,256,5,2066
383,256,1,2085,294,42,2085,294,1,2085,256,42,2085,294,42,2094,256,1,2094,294,1,2094,256,42,2094
382,256,64,2085,261,68,2085,261,64,2085,256,68,2085,261,68,2087,256,64,2087,261,64,2087,256,68,2087
381,256,512,2086,281,579,2086,281,512,2086,256,579,2086,281,579,2105,256,512,2105,281,512,2105,256,579,2105
380,256,64,2088,323,113,2088,323,64,2088,256,113,2088,323,113,2115,256,64,2115,323,64,2115,256,113,2115
379,256,1,2095,350,34,2095,350,1,2095,256,34,2095,350,34,2115,256,1,2115,350,1,2115,256,34,2115
378,256,128,2096,262,129,2096,262,128,2096,256,129,2096,262,129,2097,256,128,2097,262,128,2097,256,129,2097
377,256,128,2098,305,189,2098,305,128,2098,256,189,2098,305,189,2114,256,128,2114,305,128,2114,256,189,2114
376,1,256,2102,44,320,2102,44,256,2102,1,320,2102,44,320,2115,1,256,2115,44,256,2115,1,320,2115
375,64,256,2102,70,264,2102,70,256,2102,64,264,2102,70,264,2105,64,256,2105,70,256,2105,64,264,2105
374,128,256,2102,152,269,2102,152,256,2102,128,269,2102,152,269,2113,128,256,2113,152,256,2113,128,269,2113
373,64,256,2106,68,262,2106,68,256,2106,64,262,2106,68,262,2110,64,256,2110,68,256,2110,64,262,2110
372,256,512,2106,325,565,2106,325,512,2106,256,565,2106,325,565,2120,256,512,2120,325,512,2120,256,565,2120
371,512,512,2112,653,644,2112,653,512,2112,512,644,2112,653,644,2189,512,512,2189,653,512,2189,512,644,2189
370,64,256,2111,83,302,2111,83,256,2111,64,302,2111,83,302,2115,64,256,2115,83,256,2115,64,302,2115
369,128,256,2114,136,263,2114,136,256,2114,128,263,2114,136,263,2116,128,256,2116,136,256,2116,128,263,2116
368,256,128,2115,259,135,2115,259,128,2115,256,135,2115,259,135,2116,256,128,2116,259,128,2116,256,135,2116
367,256,1,2117,418,145,2117,418,1,2117,256,145,2117,418,145,2195,256,1,2195,418,1,2195,256,145,2195
366,1,256,2116,45,335,2116,45,256,2116,1,335,2116,45,335,2124,1,256,2124,45,256,2124,1,335,2124
365,64,256,2116,72,261,2116,72,256,2116,64,261,2116,72,261,2120,64,256,2120,72,256,2120,64,261,2120
364,128,256,2117,151,312,2117,151,256,2117,128,312,2117,151,312,2126,128,256,2126,151,256,2126,128,312,2126
363,64,256,2121,105,288,2121,105,256,2121,64,288,2121,105,288,2149,64,256,2149,105,256,2149,64,288,2149
362,256,512,2121,292,530,2121,292,512,2121,256,530,2121,292,530,2133,256,512,2133,292,512,2133,256,530,2133
361,1,256,2125,23,312,2125,23,256,2125,1,312,2125,23,312,2138,1,256,2138,23,256,2138,1,312,2138
360,128,256,2127,196,312,2127,196,256,2127,128,312,2127,196,312,2146,128,256,2146,196,256,2146,128,312,2146
359,32,256,2125,33,264,2125,33,256,2125,32,264,2125,33,264,2126,32,256,2126,33,256,2126,32,264,2126
358,32,256,2127,45,277,2127,45,256,2127,32,277,2127,45,277,2138,32,256,2138,45,256,2138,32,277,2138
357,256,512,2134,262,521,2134,262,512,2134,256,521,2134,262,521,2136,256,512,2136,262,512,2136,256,521,2136
356,256,512,2137,285,551,2137,285,512,2137,256,551,2137,285,551,2153,256,512,2153,285,512,2153,256,551,2153
355,1,256,2139,29,296,2139,29,256,2139,1,296,2139,29,296,2165,1,256,2165,29,256,2165,1,296,2165
354,128,256,2147,177,319,2147,177,256,2147,128,319,2147,177,319,2172,128,256,2172,177,256,2172,128,319,2172
353,256,256,2147,290,344,2147,290,256,2147,256,344,2147,290,344,2180,256,256,2180,290,256,2180,256,344,2180
352,32,256,2150,111,285,2150,111,256,2150,32,285,2150,111,285,2158,32,256,2158,111,256,2158,32,285,2158
351,256,512,2154,352,529,2154,352,512,2154,256,529,2154,352,529,2170,256,512,2170,352,512,2170,256,529,2170
350,512,1,2159,563,35,2159,563,1,2159,512,35,2159,563,35,2173,512,1,2173,563,1,2173,512,35,2173
349,512,64,2159,652,253,2159,652,64,2159,512,253,2159,652,253,2255,512,64,2255,652,64,2255,512,253,2255
348,32,256,2159,75,326,2159,75,256,2159,32,326,2159,75,326,2163,32,256,2163,75,256,2163,32,326,2163
347,32,256,2164,59,313,2164,59,256,2164,32,313,2164,59,313,2185,32,256,2185,59,256,2185,32,313,2185
346,64,256,2164,104,350,2164,104,256,2164,64,350,2164,104,350,2170,64,256,2170,104,256,2170,64,350,2170
345,1,256,2166,8,258,2166,8,256,2166,1,258,2166,8,258,2168,1,256,2168,8,256,2168,1,258,2168
344,1,1,2168,63,34,2168,63,1,2168,1,34,2168,63,34,2187,1,1,2187,63,1,2187,1,34,2187
343,256,512,2171,455,761,2171,455,512,2171,256,761,2171,455,761,2334,256,512,2334,455,512,2334,256,761,2334
342,64,1,2168,129,66,2168,129,1,2168,64,66,2168,129,66,2210,64,1,2210,129,1,2210,64,66,2210
341,1,64,2168,19,95,2168,19,64,2168,1,95,2168,19,95,2185,1,64,2185,19,64,2185,1,95,2185
340,1,128,2168,41,186,2168,41,128,2168,1,186,2168,41,186,2177,1,128,2177,41,128,2177,1,186,2177
339,512,256,2177,755,435,2177,755,256,2177,512,435,2177,755,435,2301,512,256,2301,755,256,2301,512,435,2301
338,64,128,2173,232,314,2173,232,128,2173,64,314,2173,232,314,2282,64,128,2282,232,128,2282,64,314,2282
337,512,1,2174,560,37,2174,560,1,2174,512,37,2174,560,37,2188,512,1,2188,560,1,2188,512,37,2188
336,16,256,2166,21,262,2166,21,256,2166,16,262,2166,21,262,2168,16,256,2168,21,256,2168,16,262,2168
335,1,128,2178,49,155,2178,49,128,2178,1,155,2178,49,155,2183,1,128,2183,49,128,2183,1,155,2183
334,32,64,2168,63,107,2168,63,64,2168,32,107,2168,63,107,2198,32,64,2198,63,64,2198,32,107,2198
333,1,512,2178,37,530,2178,37,512,2178,1,530,2178,37,530,2195,1,512,2195,37,512,2195,1,530,2195
332,64,512,2178,127,542,2178,127,512,2178,64,542,2178,127,542,2195,64,512,2195,127,512,2195,64,542,2195
331,128,512,2178,159,547,2178,159,512,2178,128,547,2178,159,547,2190,128,512,2190,159,512,2190,128,547,2190
330,256,256,2181,473,414,2181,473,256,2181,256,414,2181,473,414,2288,256,256,2288,473,256,2288,256,414,2288
329,1,256,2169,10,260,2169,10,256,2169,1,260,2169,10,260,2170,1,256,2170,10,256,2170,1,260,2170
328,1,256,2171,19,302,2171,19,256,2171,1,302,2171,19,302,2175,1,256,2175,19,256,2175,1,302,2175
327,512,512,2190,649,685,2190,649,512,2190,512,685,2190,649,685,2315,512,512,2315,649,512,2315,512,685,2315
326,256,1,2196,479,209,2196,479,1,2196,256,209,2196,479,209,2387,256,1,2387,479,1,2387,256,209,2387
325,1,256,2176,7,257,2176,7,256,2176,1,257,2176,7,257,2177,1,256,2177,7,256,2177,1,257,2177
324,8,256,2176,14,264,2176,14,256,2176,8,264,2176,14,264,2177,8,256,2177,14,256,2177,8,264,2177
323,16,256,2176,20,260,2176,20,256,2176,16,260,2176,20,260,2179,16,256,2179,20,256,2179,16,260,2179
322,1,256,2178,8,259,2178,8,256,2178,1,259,2178,8,259,2180,1,256,2180,8,256,2180,1,259,2180
321,1,128,2184,33,162,2184,33,128,2184,1,162,2184,33,162,2213,1,128,2213,33,128,2213,1,162,2213
320,128,512,2191,228,739,2191,228,512,2191,128,739,2191,228,739,2276,128,512,2276,228,512,2276,128,739,2276
319,1,256,2186,55,322,2186,55,256,2186,1,322,2186,55,322,2231,1,256,2231,55,256,2231,1,322,2231
318,1,1,2188,41,31,2188,41,1,2188,1,31,2188,41,31,2212,1,1,2212,41,1,2212,1,31,2212
317,512,1,2189,610,35,2189,610,1,2189,512,35,2189,610,35,2222,512,1,2222,610,1,2222,512,35,2222
316,512,1,2256,665,189,2256,665,1,2256,512,189,2256,665,189,2397,512,1,2397,665,1,2397,512,189,2397
315,1,64,2186,9,71,2186,9,64,2186,1,71,2186,9,71,2190,1,64,2190,9,64,2190,1,71,2190
314,1,32,2188,36,48,2188,36,32,2188,1,48,2188,36,48,2202,1,32,2202,36,32,2202,1,48,2202
313,1,512,2196,44,574,2196,44,512,2196,1,574,2196,44,574,2215,1,512,2215,44,512,2215,1,574,2215
312,64,512,2196,117,523,2196,117,512,2196,64,523,2196,117,523,2202,64,512,2202,117,512,2202,64,523,2202
311,16,64,2186,21,68,2186,21,64,2186,16,68,2186,21,68,2188,16,64,2188,21,64,2188,16,68,2188
310,1,32,2203,61,99,2203,61,32,2203,1,99,2203,61,99,2215,1,32,2215,61,32,2215,1,99,2215
309,1,512,2216,126,673,2216,126,512,2216,1,673,2216,126,673,2282,1,512,2282,126,512,2282,1,673,2282
308,64,1,2211,89,43,2211,89,1,2211,64,43,2211,89,43,2228,64,1,2228,89,1,2228,64,43,2228
307,1,1,2283,206,205,2283,206,1,2283,1,205,2283,206,205,2362,1,1,2362,206,1,2362,1,205,2362
306,1,256,2232,6,262,2232,6,256,2232,1,262,2232,6,262,2235,1,256,2235,6,256,2235,1,262,2235
305,8,256,2232,17,262,2232,17,256,2232,8,262,2232,17,262,2238,8,256,2238,17,256,2238,8,262,2238
304,1,256,2283,230,437,2283,230,256,2283,1,437,2283,230,437,2435,1,256,2435,230,256,2435,1,437,2435
303,128,512,2277,156,566,2277,156,512,2277,128,566,2277,156,566,2294,128,512,2294,156,512,2294,128,566,2294
302,1,512,2283,66,543,2283,66,512,2283,1,543,2283,66,543,2292,1,512,2292,66,512,2292,1,543,2292
301,256,256,2289,425,455,2289,425,256,2289,256,455,2289,425,455,2369,256,256,2369,425,256,2369,256,455,2369
300,1,512,2293,44,564,2293,44,512,2293,1,564,2293,44,564,2317,1,512,2317,44,512,2317,1,564,2317
299,64,512,2293,77,549,2293,77,512,2293,64,549,2293,77,549,2304,64,512,2304,77,512,2304,64,549,2304
298,512,256,2302,748,380,2302,748,256,2302,512,380,2302,748,380,2409,512,256,2409,748,256,2409,512,380,2409
297,128,512,2295,137,521,2295,137,512,2295,128,521,2295,137,521,2298,128,512,2298,137,512,2298,128,521,2298
296,128,512,2299,131,518,2299,131,512,2299,128,518,2299,131,518,2301,128,512,2301,131,512,2301,128,518,2301
295,128,512,2302,230,668,2302,230,512,2302,128,668,2302,230,668,2383,128,512,2383,230,512,2383,128,668,2383
294,512,512,2316,729,725,2316,729,512,2316,512,725,2316,729,725,2448,512,512,2448,729,512,2448,512,725,2448
293,1,512,2318,71,541,2318,71,512,2318,1,541,2318,71,541,2347,1,512,2347,71,512,2347,1,541,2347
292,256,512,2335,471,727,2335,471,512,2335,256,727,2335,471,727,2498,256,512,2498,471,512,2498,256,727,2498
291,1,512,2348,10,516,2348,10,512,2348,1,516,2348,10,516,2352,1,512,2352,10,512,2352,1,516,2352
290,16,512,2348,24,517,2348,24,512,2348,16,517,2348,24,517,2349,16,512,2349,24,512,2349,16,517,2349
289,1,1,2363,161,184,2363,161,1,2363,1,184,2363,161,184,2445,1,1,2445,161,1,2445,1,184,2445
288,32,512,2348,39,517,2348,39,512,2348,32,517,2348,39,517,2353,32,512,2353,39,512,2353,32,517,2353
287,64,512,2348,71,515,2348,71,512,2348,64,515,2348,71,515,2351,64,512,2351,71,512,2351,64,515,2351
286,64,512,2352,116,522,2352,116,512,2352,64,522,2352,116,522,2357,64,512,2357,116,512,2357,64,522,2357
285,1,512,2354,57,571,2354,57,512,2354,1,571,2354,57,571,2399,1,512,2399,57,512,2399,1,571,2399
284,64,512,2358,70,516,2358,70,512,2358,64,516,2358,70,516,2362,64,512,2362,70,512,2362,64,516,2362
283,256,256,2370,323,289,2370,323,256,2370,256,289,2370,323,289,2397,256,256,2397,323,256,2397,256,289,2397
282,64,512,2384,195,665,2384,195,512,2384,64,665,2384,195,665,2476,64,512,2476,195,512,2476,64,665,2476
281,256,1,2388,399,217,2388,399,1,2388,256,217,2388,399,217,2508,256,1,2508,399,1,2508,256,217,2508
280,512,1,2398,555,69,2398,555,1,2398,512,69,2398,555,69,2438,512,1,2438,555,1,2438,512,69,2438
279,256,256,2398,450,401,2398,450,256,2398,256,401,2398,450,401,2468,256,256,2468,450,256,2468,256,401,2468
278,512,128,2410,658,359,2410,658,128,2410,512,359,2410,658,359,2527,512,128,2527,658,128,2527,512,359,2527
277,1,256,2436,66,324,2436,66,256,2436,1,324,2436,66,324,2475,1,256,2475,66,256,2475,1,324,2475
276,1,512,2400,4,519,2400,4,512,2400,1,519,2400,4,519,2402,1,512,2402,4,512,2402,1,519,2402
275,1,1,2446,161,139,2446,161,1,2446,1,139,2446,161,139,2515,1,1,2515,161,1,2515,1,139,2515
274,8,512,2400,51,561,2400,51,512,2400,8,561,2400,51,561,2422,8,512,2422,51,512,2422,8,561,2422
273,128,256,2436,250,400,2436,250,256,2436,128,400,2436,250,400,2552,128,256,2552,250,256,2552,128,400,2552
272,1,512,2423,30,591,2423,30,512,2423,1,591,2423,30,591,2436,1,512,2436,30,512,2436,1,591,2436
271,512,512,2449,733,737,2449,733,512,2449,512,737,2449,733,737,2598,512,512,2598,733,512,2598,512,737,2598
270,256,256,2469,505,489,2469,505,256,2469,256,489,2469,505,489,2603,256,256,2603,505,256,2603,256,489,2603
269,1,512,2477,198,691,2477,198,512,2477,1,691,2477,198,691,2561,1,512,2561,198,512,2561,1,691,2561
268,512,1,2439,543,58,2439,543,1,2439,512,58,2439,543,58,2456,512,1,2456,543,1,2456,512,58,2456
267,256,512,2499,485,691,2499,485,512,2499,256,691,2499,485,691,2597,256,512,2597,485,512,2597,256,691,2597
266,256,1,2509,501,217,2509,501,1,2509,256,217,2509,501,217,2724,256,1,2724,501,1,2724,256,217,2724
265,512,1,2457,544,84,2457,544,1,2457,512,84,2457,544,84,2488,512,1,2488,544,1,2488,512,84,2488
264,1,1,2516,231,225,2516,231,1,2516,1,225,2516,231,225,2612,1,1,2612,231,1,2612,1,225,2612
263,1,256,2476,27,324,2476,27,256,2476,1,324,2476,27,324,2497,1,256,2497,27,256,2497,1,324,2497
262,32,256,2476,39,263,2476,39,256,2476,32,263,2476,39,263,2479,32,256,2479,39,256,2479,32,263,2479
261,64,256,2476,88,312,2476,88,256,2476,64,312,2476,88,312,2496,64,256,2496,88,256,2496,64,312,2496
260,32,256,2480,40,258,2480,40,256,2480,32,258,2480,40,258,2482,32,256,2482,40,256,2482,32,258,2482
259,32,256,2483,33,259,2483,33,256,2483,32,259,2483,33,259,2484,32,256,2484,33,256,2484,32,259,2484
258,32,256,2485,41,262,2485,41,256,2485,32,262,2485,41,262,2488,32,256,2488,41,256,2488,32,262,2488
257,512,1,2489,519,8,2489,519,1,2489,512,8,2489,519,8,2492,512,1,2492,519,1,2492,512,8,2492
256,512,16,2489,564,20,2489,564,16,2489,512,20,2489,564,20,2493,512,16,2493,564,16,2493,512,20,2493
255,512,1,2528,727,142,2528,727,1,2528,512,142,2528,727,142,2597,512,1,2597,727,1,2597,512,142,2597
254,32,256,2497,83,308,2497,83,256,2497,32,308,2497,83,308,2537,32,256,2537,83,256,2537,32,308,2537
253,1,256,2498,16,280,2498,16,256,2498,1,280,2498,16,280,2508,1,256,2508,16,256,2508,1,280,2508
252,512,256,2528,690,410,2528,690,256,2528,512,410,2528,690,410,2670,512,256,2670,690,256,2670,512,410,2670
251,1,256,2538,50,305,2538,50,256,2538,1,305,2538,50,305,2562,1,256,2562,50,256,2562,1,305,2562
250,64,256,2538,73,264,2538,73,256,2538,64,264,2538,73,264,2545,64,256,2545,73,256,2545,64,264,2545
249,64,256,2546,73,265,2546,73,256,2546,64,265,2546,73,265,2552,64,256,2552,73,256,2552,64,265,2552
248,64,256,2553,142,296,2553,142,256,2553,64,296,2553,142,296,2584,64,256,2584,142,256,2584,64,296,2584
247,1,512,2562,68,570,2562,68,512,2562,1,570,2562,68,570,2606,1,512,2606,68,512,2606,1,570,2606
246,128,512,2562,168,607,2562,168,512,2562,128,607,2562,168,607,2589,128,512,2589,168,512,2589,128,607,2589
245,1,256,2563,10,262,2563,10,256,2563,1,262,2563,10,262,2566,1,256,2566,10,256,2566,1,262,2566
244,16,256,2563,44,286,2563,44,256,2563,16,286,2563,44,286,2586,16,256,2586,44,256,2586,16,286,2586
243,64,256,2585,116,280,2585,116,256,2585,64,280,2585,116,280,2598,64,256,2598,116,256,2598,64,280,2598
242,128,256,2585,196,290,2585,196,256,2585,128,290,2585,196,290,2595,128,256,2595,196,256,2595,128,290,2595
241,512,1,2598,732,179,2598,732,1,2598,512,179,2598,732,179,2690,512,1,2690,732,1,2690,512,179,2690
240,1,256,2567,6,260,2567,6,256,2567,1,260,2567,6,260,2568,1,256,2568,6,256,2568,1,260,2568
239,8,256,2567,14,262,2567,14,256,2567,8,262,2567,14,262,2572,8,256,2572,14,256,2572,8,262,2572
238,1,256,2587,44,295,2587,44,256,2587,1,295,2587,44,295,2602,1,256,2602,44,256,2602,1,295,2602
237,128,512,2590,255,723,2590,255,512,2590,128,723,2590,255,723,2703,128,512,2703,255,512,2703,128,723,2703
236,128,256,2596,135,263,2596,135,256,2596,128,263,2596,135,263,2598,128,256,2598,135,256,2598,128,263,2598
235,256,512,2598,261,517,2598,261,512,2598,256,517,2598,261,517,2599,256,512,2599,261,512,2599,256,517,2599
234,64,256,2599,158,296,2599,158,256,2599,64,296,2599,158,296,2609,64,256,2609,158,256,2609,64,296,2609
233,512,512,2599,575,566,2599,575,512,2599,512,566,2599,575,566,2621,512,512,2621,575,512,2621,512,566,2621
232,256,512,2600,296,542,2600,296,512,2600,256,542,2600,296,542,2607,256,512,2607,296,512,2607,256,542,2607
231,1,256,2603,32,280,2603,32,256,2603,1,280,2603,32,280,2621,1,256,2621,32,256,2621,1,280,2621
230,256,256,2604,298,295,2604,298,256,2604,256,295,2604,298,295,2643,256,256,2643,298,256,2643,256,295,2643
229,1,512,2607,10,520,2607,10,512,2607,1,520,2607,10,520,2614,1,512,2614,10,512,2614,1,520,2614
228,256,512,2608,491,620,2608,491,512,2608,256,620,2608,491,620,2695,256,512,2695,491,512,2695,256,620,2695
227,16,512,2607,117,744,2607,117,512,2607,16,744,2607,117,744,2699,16,512,2699,117,512,2699,16,744,2699
226,1,1,2613,218,121,2613,218,1,2613,1,121,2613,218,121,2724,1,1,2724,218,1,2724,1,121,2724
225,64,256,2610,73,262,2610,73,256,2610,64,262,2610,73,262,2611,64,256,2611,73,256,2611,64,262,2611
224,128,256,2610,160,291,2610,160,256,2610,128,291,2610,160,291,2628,128,256,2628,160,256,2628,128,291,2628
223,64,256,2612,125,325,2612,125,256,2612,64,325,2612,125,325,2621,64,256,2621,125,256,2621,64,325,2621
222,1,128,2613,50,193,2613,50,128,2613,1,193,2613,50,193,2638,1,128,2638,50,128,2638,1,193,2638
221,64,128,2613,104,195,2613,104,128,2613,64,195,2613,104,195,2621,64,128,2621,104,128,2621,64,195,2621
220,128,128,2613,136,135,2613,136,128,2613,128,135,2613,136,135,2620,128,128,2620,136,128,2620,128,135,2620
219,512,512,2622,732,680,2622,732,512,2622,512,680,2622,732,680,2765,512,512,2765,732,512,2765,512,680,2765
218,128,128,2621,153,155,2621,153,128,2621,128,155,2621,153,155,2642,128,128,2642,153,128,2642,128,155,2642
217,1,256,2622,70,282,2622,70,256,2622,1,282,2622,70,282,2628,1,256,2628,70,256,2628,1,282,2628
216,1,512,2615,9,520,2615,9,512,2615,1,520,2615,9,520,2618,1,512,2618,9,512,2618,1,520,2618
215,64,128,2622,109,166,2622,109,128,2622,64,166,2622,109,166,2641,64,128,2641,109,128,2641,64,166,2641
214,1,256,2629,138,439,2629,138,256,2629,1,439,2629,138,439,2758,1,256,2758,138,256,2758,1,439,2758
213,256,256,2644,393,458,2644,393,256,2644,256,458,2644,393,458,2758,256,256,2758,393,256,2758,256,458,2758
212,1,128,2639,43,193,2639,43,128,2639,1,193,2639,43,193,2652,1,128,2652,43,128,2652,1,193,2652
211,1,512,2619,7,521,2619,7,512,2619,1,521,2619,7,521,2620,1,512,2620,7,512,2620,1,521,2620
210,64,128,2642,82,162,2642,82,128,2642,64,162,2642,82,162,2657,64,128,2657,82,128,2657,64,162,2657
209,128,128,2643,144,137,2643,144,128,2643,128,137,2643,144,137,2648,128,128,2648,144,128,2648,128,137,2648
208,128,128,2649,157,136,2649,157,128,2649,128,136,2649,157,136,2654,128,128,2654,157,128,2654,128,136,2654
207,1,128,2653,22,208,2653,22,128,2653,1,208,2653,22,208,2659,1,128,2659,22,128,2659,1,208,2659
206,8,512,2619,15,517,2619,15,512,2619,8,517,2619,15,517,2622,8,512,2622,15,512,2622,8,517,2622
205,512,256,2671,708,423,2671,708,256,2671,512,423,2671,708,423,2742,512,256,2742,708,256,2742,512,423,2742
204,128,128,2655,207,154,2655,207,128,2655,128,154,2655,207,154,2663,128,128,2663,207,128,2663,128,154,2663
203,32,128,2653,60,162,2653,60,128,2653,32,162,2653,60,162,2681,32,128,2681,60,128,2681,32,162,2681
202,64,128,2658,96,157,2658,96,128,2658,64,157,2658,96,157,2681,64,128,2681,96,128,2681,64,157,2681
201,1,512,2621,5,520,2621,5,512,2621,1,520,2621,5,520,2622,1,512,2622,5,512,2622,1,520,2622
200,1,512,2623,3,516,2623,3,512,2623,1,516,2623,3,516,2624,1,512,2624,3,512,2624,1,516,2624
199,4,512,2623,5,521,2623,5,512,2623,4,521,2623,5,521,2624,4,512,2624,5,512,2624,4,521,2624
198,8,512,2623,10,516,2623,10,512,2623,8,516,2623,10,516,2625,8,512,2625,10,512,2625,8,516,2625
197,128,128,2664,184,169,2664,184,128,2664,128,169,2664,184,169,2668,128,128,2668,184,128,2668,128,169,2668
196,1,512,2626,9,521,2626,9,512,2626,1,521,2626,9,521,2633,1,512,2633,9,512,2633,1,521,2633
195,1,512,2634,10,518,2634,10,512,2634,1,518,2634,10,518,2637,1,512,2637,10,512,2637,1,518,2637
194,1,512,2638,7,519,2638,7,512,2638,1,519,2638,7,519,2642,1,512,2642,7,512,2642,1,519,2642
193,1,128,2660,22,163,2660,22,128,2660,1,163,2660,22,163,2675,1,128,2675,22,128,2675,1,163,2675
192,512,1,2691,686,218,2691,686,1,2691,512,218,2691,686,218,2835,512,1,2835,686,1,2835,512,218,2835
191,128,128,2669,148,162,2669,148,128,2669,128,162,2669,148,162,2675,128,128,2675,148,128,2675,128,162,2675
190,1,512,2643,9,520,2643,9,512,2643,1,520,2643,9,520,2648,1,512,2648,9,512,2648,1,520,2648
189,256,512,2696,493,722,2696,493,512,2696,256,722,2696,493,722,2790,256,512,2790,493,512,2790,256,722,2790
188,1,128,2676,19,195,2676,19,128,2676,1,195,2676,19,195,2683,1,128,2683,19,128,2683,1,195,2683
187,128,128,2676,165,185,2676,165,128,2676,128,185,2676,165,185,2690,128,128,2690,165,128,2690,128,185,2690
186,1,512,2704,198,718,2704,198,512,2704,1,718,2704,198,718,2838,1,512,2838,198,512,2838,1,718,2838
185,32,128,2682,89,160,2682,89,128,2682,32,160,2682,89,160,2686,32,128,2686,89,128,2686,32,160,2686
184,1,128,2684,2,137,2684,2,128,2684,1,137,2684,2,137,2685,1,128,2685,2,128,2685,1,137,2685
183,1,1,2725,223,223,2725,223,1,2725,1,223,2725,223,223,2824,1,1,2824,223,1,2824,1,223,2824
182,256,1,2725,269,31,2725,269,1,2725,256,31,2725,269,31,2734,256,1,2734,269,1,2734,256,31,2734
181,256,32,2725,342,201,2725,342,32,2725,256,201,2725,342,201,2797,256,32,2797,342,32,2797,256,201,2797
180,512,256,2743,547,322,2743,547,256,2743,512,322,2743,547,322,2761,512,256,2761,547,256,2761,512,322,2761
179,256,1,2735,285,26,2735,285,1,2735,256,26,2735,285,26,2747,256,1,2747,285,1,2747,256,26,2747
178,1,256,2759,47,314,2759,47,256,2759,1,314,2759,47,314,2765,1,256,2765,47,256,2765,1,314,2765
177,256,1,2748,285,11,2748,285,1,2748,256,11,2748,285,11,2755,256,1,2755,285,1,2755,256,11,2755
176,256,1,2756,290,19,2756,290,1,2756,256,19,2756,290,19,2769,256,1,2769,290,1,2769,256,19,2769
175,64,256,2759,131,311,2759,131,256,2759,64,311,2759,131,311,2784,64,256,2784,131,256,2784,64,311,2784
174,256,256,2759,274,308,2759,274,256,2759,256,308,2759,274,308,2768,256,256,2768,274,256,2768,256,308,2768
173,512,256,2762,558,282,2762,558,256,2762,512,282,2762,558,282,2782,512,256,2782,558,256,2782,512,282,2782
172,1,256,2766,9,264,2766,9,256,2766,1,264,2766,9,264,2770,1,256,2770,9,256,2770,1,264,2770
171,512,512,2766,593,664,2766,593,512,2766,512,664,2766,593,664,2846,512,512,2846,593,512,2846,512,664,2846
170,16,256,2766,48,282,2766,48,256,2766,16,282,2766,48,282,2771,16,256,2771,48,256,2771,16,282,2771
169,256,256,2769,312,310,2769,312,256,2769,256,310,2769,312,310,2820,256,256,2820,312,256,2820,256,310,2820
168,1,256,2772,61,300,2772,61,256,2772,1,300,2772,61,300,2800,1,256,2800,61,256,2800,1,300,2800
167,512,256,2783,760,404,2783,760,256,2783,512,404,2783,760,404,2865,512,256,2865,760,256,2865,512,404,2865
166,256,1,2770,263,10,2770,263,1,2770,256,10,2770,263,10,2775,256,1,2775,263,1,2775,256,10,2775
165,64,256,2785,89,297,2785,89,256,2785,64,297,2785,89,297,2792,64,256,2792,89,256,2792,64,297,2792
164,128,256,2785,255,362,2785,255,256,2785,128,362,2785,255,362,2867,128,256,2867,255,256,2867,128,362,2867
163,256,1,2776,300,28,2776,300,1,2776,256,28,2776,300,28,2791,256,1,2791,300,1,2791,256,28,2791
162,256,512,2791,306,580,2791,306,512,2791,256,580,2791,306,580,2797,256,512,2797,306,512,2797,256,580,2797
161,256,1,2792,263,9,2792,263,1,2792,256,9,2792,263,9,2797,256,1,2797,263,1,2797,256,9,2797
160,64,256,2793,106,290,2793,106,256,2793,64,290,2793,106,290,2809,64,256,2809,106,256,2809,64,290,2809
159,256,16,2792,261,20,2792,261,16,2792,256,20,2792,261,20,2796,256,16,2796,261,16,2796,256,20,2796
158,256,1,2798,357,107,2798,357,1,2798,256,107,2798,357,107,2896,256,1,2896,357,1,2896,256,107,2896
157,256,128,2798,307,192,2798,307,128,2798,256,192,2798,307,192,2802,256,128,2802,307,128,2802,256,192,2802
156,256,512,2798,262,519,2798,262,512,2798,256,519,2798,262,519,2800,256,512,2800,262,512,2800,256,519,2800
155,1,256,2801,56,316,2801,56,256,2801,1,316,2801,56,316,2811,1,256,2811,56,256,2811,1,316,2811
154,256,512,2801,321,542,2801,321,512,2801,256,542,2801,321,542,2817,256,512,2817,321,512,2817,256,542,2817
153,256,128,2803,290,186,2803,290,128,2803,256,186,2803,290,186,2825,256,128,2825,290,128,2825,256,186,2825
152,256,512,2818,440,627,2818,440,512,2818,256,627,2818,440,627,2916,256,512,2916,440,512,2916,256,627,2916
151,64,256,2810,79,272,2810,79,256,2810,64,272,2810,79,272,2816,64,256,2816,79,256,2816,64,272,2816
150,1,256,2812,54,309,2812,54,256,2812,1,309,2812,54,309,2840,1,256,2840,54,256,2840,1,309,2840
149,256,256,2821,461,502,2821,461,256,2821,256,502,2821,461,502,2928,256,256,2928,461,256,2928,256,502,2928
148,1,1,2825,134,200,2825,134,1,2825,1,200,2825,134,200,2905,1,1,2905,134,1,2905,1,200,2905
147,64,256,2817,70,265,2817,70,256,2817,64,265,2817,70,265,2821,64,256,2821,70,256,2821,64,265,2821
146,64,256,2822,70,265,2822,70,256,2822,64,265,2822,70,265,2828,64,256,2828,70,256,2828,64,265,2828
145,512,1,2836,718,199,2836,718,1,2836,512,199,2836,718,199,3030,512,1,3030,718,1,3030,512,199,3030
144,256,128,2826,292,157,2826,292,128,2826,256,157,2826,292,157,2840,256,128,2840,292,128,2840,256,157,2840
143,1,512,2839,67,533,2839,67,512,2839,1,533,2839,67,533,2845,1,512,2845,67,512,2845,1,533,2845
142,64,256,2829,89,314,2829,89,256,2829,64,314,2829,89,314,2847,64,256,2847,89,256,2847,64,314,2847
141,128,512,2839,137,519,2839,137,512,2839,128,519,2839,137,519,2842,128,512,2842,137,512,2842,128,519,2842
140,256,128,2841,261,134,2841,261,128,2841,256,134,2841,261,134,2843,256,128,2843,261,128,2843,256,134,2843
139,128,512,2843,226,554,2843,226,512,2843,128,554,2843,226,554,2873,128,512,2873,226,512,2873,128,554,2873
138,1,256,2841,39,349,2841,39,256,2841,1,349,2841,39,349,2869,1,256,2869,39,256,2869,1,349,2869
137,256,128,2844,265,136,2844,265,128,2844,256,136,2844,265,136,2848,256,128,2848,265,128,2848,256,136,2848
136,1,512,2846,78,642,2846,78,512,2846,1,642,2846,78,642,2919,1,512,2919,78,512,2919,1,642,2919
135,512,512,2847,648,702,2847,648,512,2847,512,702,2847,648,702,2951,512,512,2951,648,512,2951,512,702,2951
134,64,256,2848,84,271,2848,84,256,2848,64,271,2848,84,271,2855,64,256,2855,84,256,2855,64,271,2855
133,256,128,2849,263,137,2849,263,128,2849,256,137,2849,263,137,2853,256,128,2853,263,128,2853,256,137,2853
132,256,128,2854,299,185,2854,299,128,2854,256,185,2854,299,185,2871,256,128,2871,299,128,2871,256,185,2871
131,64,256,2856,92,291,2856,92,256,2856,64,291,2856,92,291,2860,64,256,2860,92,256,2860,64,291,2860
130,64,256,2861,115,314,2861,115,256,2861,64,314,2861,115,314,2870,64,256,2870,115,256,2870,64,314,2870
129,512,256,2866,516,264,2866,516,256,2866,512,264,2866,516,264,2867,512,256,2867,516,256,2867,512,264,2867
128,128,256,2868,160,310,2868,160,256,2868,128,310,2868,160,310,2872,128,256,2872,160,256,2872,128,310,2872
127,512,256,2868,551,292,2868,551,256,2868,512,292,2868,551,292,2902,512,256,2902,551,256,2902,512,292,2902
126,256,128,2872,423,219,2872,423,128,2872,256,219,2872,423,219,2950,256,128,2950,423,128,2950,256,219,2950
125,1,256,2870,7,264,2870,7,256,2870,1,264,2870,7,264,2871,1,256,2871,7,256,2871,1,264,2871
124,8,256,2871,70,307,2871,70,256,2871,8,307,2871,70,307,2907,8,256,2907,70,256,2907,8,307,2907
123,128,256,2873,137,260,2873,137,256,2873,128,260,2873,137,260,2876,128,256,2876,137,256,2876,128,260,2876
122,128,512,2874,136,519,2874,136,512,2874,128,519,2874,136,519,2879,128,512,2879,136,512,2879,128,519,2879
121,128,256,2877,179,322,2877,179,256,2877,128,322,2877,179,322,2891,128,256,2891,179,256,2891,128,322,2891
120,128,512,2880,189,538,2880,189,512,2880,128,538,2880,189,538,2895,128,512,2895,189,512,2895,128,538,2895
119,128,256,2892,165,291,2892,165,256,2892,128,291,2892,165,291,2896,128,256,2896,165,256,2896,128,291,2896
118,512,256,2903,725,490,2903,725,256,2903,512,490,2903,725,490,2992,512,256,2992,725,256,2992,512,490,2992
117,128,512,2896,192,568,2896,192,512,2896,128,568,2896,192,568,2912,128,512,2912,192,512,2912,128,568,2912
116,256,1,2897,300,36,2897,300,1,2897,256,36,2897,300,36,2903,256,1,2903,300,1,2903,256,36,2903
115,256,64,2897,294,114,2897,294,64,2897,256,114,2897,294,114,2910,256,64,2910,294,64,2910,256,114,2910
114,128,256,2897,154,331,2897,154,256,2897,128,331,2897,154,331,2922,128,256,2922,154,256,2922,128,331,2922
113,256,1,2904,276,52,2904,276,1,2904,256,52,2904,276,52,2918,256,1,2918,276,1,2918,256,52,2918
112,1,1,2906,32,35,2906,32,1,2906,1,35,2906,32,35,2921,1,1,2921,32,1,2921,1,35,2921
111,64,1,2906,99,51,2906,99,1,2906,64,51,2906,99,51,2933,64,1,2933,99,1,2933,64,51,2933
110,1,256,2872,7,261,2872,7,256,2872,1,261,2872,7,261,2874,1,256,2874,7,256,2874,1,261,2874
109,128,512,2917,310,754,2917,310,512,2917,128,754,2917,310,754,3046,128,512,3046,310,512,3046,128,754,3046
108,1,64,2923,226,274,2923,226,64,2923,1,274,2923,226,274,3001,1,64,3001,226,64,3001,1,274,3001
107,128,1,2906,151,21,2906,151,1,2906,128,21,2906,151,21,2915,128,1,2915,151,1,2915,128,21,2915
106,256,64,2911,291,106,2911,291,64,2911,256,106,2911,291,106,2916,256,64,2916,291,64,2916,256,106,2916
105,128,1,2916,152,42,2916,152,1,2916,128,42,2916,152,42,2927,128,1,2927,152,1,2927,128,42,2927
104,256,1,2919,308,70,2919,308,1,2919,256,70,2919,308,70,2959,256,1,2959,308,1,2959,256,70,2959
103,1,512,2920,5,519,2920,5,512,2920,1,519,2920,5,519,2921,1,512,2921,5,512,2921,1,519,2921
102,256,256,2929,411,405,2929,411,256,2929,256,405,2929,411,405,2993,256,256,2993,411,256,2993,256,405,2993
101,8,512,2920,44,534,2920,44,512,2920,8,534,2920,44,534,2932,8,512,2932,44,512,2932,8,534,2932
100,512,512,2952,761,654,2952,761,512,2952,512,654,2952,761,654,3049,512,512,3049,761,512,3049,512,654,3049
99,64,512,2920,95,566,2920,95,512,2920,64,566,2920,95,566,2926,64,512,2926,95,512,2926,64,566,2926
98,256,1,2960,403,161,2960,403,1,2960,256,161,2960,403,161,3046,256,1,3046,403,1,3046,256,161,3046
97,1,1,2922,52,24,2922,52,1,2922,1,24,2922,52,24,2943,1,1,2943,52,1,2943,1,24,2943
96,512,256,2993,730,501,2993,730,256,2993,512,501,2993,730,501,3146,512,256,3146,730,256,3146,512,501,3146
95,1,32,2922,4,40,2922,4,32,2922,1,40,2922,4,40,2923,1,32,2923,4,32,2923,1,40,2923
94,256,256,2994,431,454,2994,431,256,2994,256,454,2994,431,454,3092,256,256,3092,431,256,3092,256,454,3092
93,8,32,2922,13,41,2922,13,32,2922,8,41,2922,13,41,2926,8,32,2926,13,32,2926,8,41,2926
92,16,32,2922,22,35,2922,22,32,2922,16,35,2922,22,35,2923,16,32,2923,22,32,2923,16,35,2923
91,1,1,3002,229,185,3002,229,1,3002,1,185,3002,229,185,3163,1,1,3163,229,1,3163,1,185,3163
90,64,512,2927,72,518,2927,72,512,2927,64,518,2927,72,518,2929,64,512,2929,72,512,2929,64,518,2929
89,1,512,2922,6,519,2922,6,512,2922,1,519,2922,6,519,2924,1,512,2924,6,512,2924,1,519,2924
88,1,256,3002,181,408,3002,181,256,3002,1,408,3002,181,408,3076,1,256,3076,181,256,3076,1,408,3076
87,64,512,2930,121,560,2930,121,512,2930,64,560,2930,121,560,2959,64,512,2959,121,512,2959,64,560,2959
86,1,512,2933,37,540,2933,37,512,2933,1,540,2933,37,540,2946,1,512,2946,37,512,2946,1,540,2946
85,1,512,2947,60,574,2947,60,512,2947,1,574,2947,60,574,2972,1,512,2972,60,512,2972,1,574,2972
84,1,512,2973,100,535,2973,100,512,2973,1,535,2973,100,535,2992,1,512,2992,100,512,2992,1,535,2992
83,1,512,2993,52,548,2993,52,512,2993,1,548,2993,52,548,3017,1,512,3017,52,512,3017,1,548,3017
82,512,1,3031,758,85,3031,758,1,3031,512,85,3031,758,85,3100,512,1,3100,758,1,3100,512,85,3100
81,64,512,2993,71,513,2993,71,512,2993,64,513,2993,71,513,2994,64,512,2994,71,512,2994,64,513,2994
80,64,512,2995,68,514,2995,68,512,2995,64,514,2995,68,514,2996,64,512,2996,68,512,2996,64,514,2996
79,64,512,2997,69,517,2997,69,512,2997,64,517,2997,69,517,2998,64,512,2998,69,512,2998,64,517,2998
78,64,512,2999,108,536,2999,108,512,2999,64,536,2999,108,536,3022,64,512,3022,108,512,3022,64,536,3022
77,1,512,3018,2,515,3018,2,512,3018,1,515,3018,2,515,3019,1,512,3019,2,512,3019,1,515,3019
76,4,512,3018,39,560,3018,39,512,3018,4,560,3018,39,560,3047,4,512,3047,39,512,3047,4,560,3047
75,64,512,3023,104,574,3023,104,512,3023,64,574,3023,104,574,3061,64,512,3061,104,512,3061,64,574,3061
74,512,128,3031,572,167,3031,572,128,3031,512,167,3031,572,167,3062,512,128,3062,572,128,3062,512,167,3062
73,256,1,3047,296,31,3047,296,1,3047,256,31,3047,296,31,3054,256,1,3054,296,1,3054,256,31,3054
72,256,32,3047,261,37,3047,261,32,3047,256,37,3047,261,37,3049,256,32,3049,261,32,3049,256,37,3049
71,256,64,3047,296,143,3047,296,64,3047,256,143,3047,296,143,3064,256,64,3064,296,64,3064,256,143,3064
70,128,512,3047,158,548,3047,158,512,3047,128,548,3047,158,548,3057,128,512,3057,158,512,3057,128,548,3057
69,256,512,3047,294,585,3047,294,512,3047,256,585,3047,294,585,3056,256,512,3056,294,512,3056,256,585,3056
68,512,512,3050,742,708,3050,742,512,3050,512,708,3050,742,708,3166,512,512,3166,742,512,3166,512,708,3166
67,1,512,3048,5,520,3048,5,512,3048,1,520,3048,5,520,3049,1,512,3049,5,512,3049,1,520,3049
66,256,512,3057,388,725,3057,388,512,3057,256,725,3057,388,725,3181,256,512,3181,388,512,3181,256,725,3181
65,1,512,3050,58,570,3050,58,512,3050,1,570,3050,58,570,3078,1,512,3078,58,512,3078,1,570,3078
64,256,32,3050,291,47,3050,291,32,3050,256,47,3050,291,47,3062,256,32,3062,291,32,3062,256,47,3062
63,256,1,3055,264,10,3055,264,1,3055,256,10,3055,264,10,3058,256,1,3058,264,1,3058,256,10,3058
62,128,512,3058,197,534,3058,197,512,3058,128,534,3058,197,534,3080,128,512,3080,197,512,3080,128,534,3080
61,64,512,3062,106,594,3062,106,512,3062,64,594,3062,106,594,3087,64,512,3087,106,512,3087,64,594,3087
60,256,1,3063,285,36,3063,285,1,3063,256,36,3063,285,36,3070,256,1,3070,285,1,3070,256,36,3070
59,512,128,3063,555,191,3063,555,128,3063,512,191,3063,555,191,3086,512,128,3086,555,128,3086,512,191,3086
58,256,64,3065,291,89,3065,291,64,3065,256,89,3065,291,89,3076,256,64,3076,291,64,3076,256,89,3076
57,256,128,3065,288,151,3065,288,128,3065,256,151,3065,288,151,3079,256,128,3079,288,128,3079,256,151,3079
56,256,1,3071,292,21,3071,292,1,3071,256,21,3071,292,21,3090,256,1,3090,292,1,3090,256,21,3090
55,256,32,3077,312,95,3077,312,32,3077,256,95,3077,312,95,3109,256,32,3109,312,32,3109,256,95,3109
54,1,256,3077,10,263,3077,10,256,3077,1,263,3077,10,263,3084,1,256,3084,10,256,3084,1,263,3084
53,16,256,3077,23,265,3077,23,256,3077,16,265,3077,23,265,3083,16,256,3083,23,256,3083,16,265,3083
52,32,256,3077,119,281,3077,119,256,3077,32,281,3077,119,281,3088,32,256,3088,119,256,3088,32,281,3088
51,1,512,3088,231,684,3088,231,512,3088,1,684,3088,231,684,3190,1,512,3190,231,512,3190,1,684,3190
50,128,256,3077,134,257,3077,134,256,3077,128,257,3077,134,257,3078,128,256,3078,134,256,3078,128,257,3078
49,128,256,3079,196,303,3079,196,256,3079,128,303,3079,196,303,3121,128,256,3121,196,256,3121,128,303,3121
48,1,256,3089,124,406,3089,124,256,3089,1,406,3089,124,406,3180,1,256,3180,124,256,3180,1,406,3180
47,256,128,3080,260,130,3080,260,128,3080,256,130,3080,260,130,3081,256,128,3081,260,128,3081,256,130,3081
46,256,128,3093,501,333,3093,501,128,3093,256,333,3093,501,333,3189,256,128,3189,501,128,3189,256,333,3189
45,512,1,3101,745,211,3101,745,1,3101,512,211,3101,745,211,3220,512,1,3220,745,1,3220,512,211,3220
44,256,1,3091,287,30,3091,287,1,3091,256,30,3091,287,30,3108,256,1,3108,287,1,3108,256,30,3108
43,256,1,3110,275,53,3110,275,1,3110,256,53,3110,275,53,3120,256,1,3120,275,1,3120,256,53,3120
42,512,256,3147,714,456,3147,714,256,3147,512,456,3147,714,456,3215,512,256,3215,714,256,3215,512,456,3215
41,256,64,3110,264,69,3110,264,64,3110,256,69,3110,264,69,3115,256,64,3115,264,64,3115,256,69,3115
40,256,64,3116,265,70,3116,265,64,3116,256,70,3116,265,70,3120,256,64,3120,265,64,3120,256,70,3120
39,256,1,3121,287,55,3121,287,1,3121,256,55,3121,287,55,3128,256,1,3128,287,1,3128,256,55,3128
38,256,64,3121,351,105,3121,351,64,3121,256,105,3121,351,105,3138,256,64,3138,351,64,3138,256,105,3138
37,128,256,3122,143,288,3122,143,256,3122,128,288,3122,143,288,3135,128,256,3135,143,256,3135,128,288,3135
36,256,1,3129,287,34,3129,287,1,3129,256,34,3129,287,34,3151,256,1,3151,287,1,3151,256,34,3151
35,128,256,3136,160,294,3136,160,256,3136,128,294,3136,160,294,3140,128,256,3140,160,256,3140,128,294,3140
34,128,256,3141,248,345,3141,248,256,3141,128,345,3141,248,345,3227,128,256,3227,248,256,3227,128,345,3227
33,256,64,3139,291,91,3139,291,64,3139,256,91,3139,291,91,3155,256,64,3155,291,64,3155,256,91,3155
32,1,1,3164,190,172,3164,190,1,3164,1,172,3164,190,172,3235,1,1,3235,190,1,3235,1,172,3235
31,256,1,3152,304,54,3152,304,1,3152,256,54,3152,304,54,3173,256,1,3173,304,1,3173,256,54,3173
30,256,64,3156,268,120,3156,268,64,3156,256,120,3156,268,120,3165,256,64,3165,268,64,3165,256,120,3165
29,256,64,3166,263,72,3166,263,64,3166,256,72,3166,263,72,3167,256,64,3167,263,64,3167,256,72,3167
28,512,512,3167,556,604,3167,556,512,3167,512,604,3167,556,604,3184,512,512,3184,556,512,3184,512,604,3184
27,256,512,3182,443,720,3182,443,512,3182,256,720,3182,443,720,3323,256,512,3323,443,512,3323,256,720,3323
26,256,64,3168,311,95,3168,311,64,3168,256,95,3168,311,95,3198,256,64,3198,311,64,3198,256,95,3198
25,512,512,3185,655,615,3185,655,512,3185,512,615,3185,655,615,3285,512,512,3285,655,512,3285,512,615,3285
24,256,1,3174,292,31,3174,292,1,3174,256,31,3174,292,31,3182,256,1,3182,292,1,3182,256,31,3182
23,256,32,3174,262,34,3174,262,32,3174,256,34,3174,262,34,3175,256,32,3175,262,32,3175,256,34,3175
22,256,128,3190,450,338,3190,450,128,3190,256,338,3190,450,338,3374,256,128,3374,450,128,3374,256,338,3374
21,256,32,3176,290,59,3176,290,32,3176,256,59,3176,290,59,3197,256,32,3197,290,32,3197,256,59,3197
20,1,512,3191,233,730,3191,233,512,3191,1,730,3191,233,730,3304,1,512,3304,233,512,3304,1,730,3304
19,256,1,3199,495,84,3199,495,1,3199,256,84,3199,495,84,3276,256,1,3276,495,1,3276,256,84,3276
18,1,256,3181,4,259,3181,4,256,3181,1,259,3181,4,259,3183,1,256,3183,4,256,3183,1,259,3183
17,8,256,3181,43,289,3181,43,256,3181,8,289,3181,43,289,3189,8,256,3189,43,256,3189,8,289,3189
16,64,256,3181,89,293,3181,89,256,3181,64,293,3181,89,293,3184,64,256,3184,89,256,3184,64,293,3184
15,1,256,3190,98,455,3190,98,256,3190,1,455,3190,98,455,3285,1,256,3285,98,256,3285,1,455,3285
14,512,256,3216,540,331,3216,540,256,3216,512,331,3216,540,331,3228,512,256,3228,540,256,3228,512,331,3228
13,512,1,3221,539,83,3221,539,1,3221,512,83,3221,539,83,3240,512,1,3240,539,1,3240,512,83,3240
12,512,128,3221,542,169,3221,542,128,3221,512,169,3221,542,169,3231,512,128,3231,542,128,3231,512,169,3231
11,128,256,3228,169,296,3228,169,256,3228,128,296,3228,169,296,3249,128,256,3249,169,256,3249,128,296,3249
10,512,256,3229,514,262,3229,514,256,3229,512,262,3229,514,262,3230,512,256,3230,514,256,3230,512,262,3230
9,512,256,3231,548,283,3231,548,256,3231,512,283,3231,548,283,3238,512,256,3238,548,256,3238,512,283,3238
8,1,1,3236,222,206,3236,222,1,3236,1,206,3236,222,206,3377,1,1,3377,222,1,3377,1,206,3377
7,512,128,3232,729,243,3232,729,128,3232,512,243,3232,729,243,3322,512,128,3322,729,128,3322,512,243,3322
6,512,256,3239,681,426,3239,681,256,3239,512,426,3239,681,426,3358,512,256,3358,681,256,3358,512,426,3358
5,512,1,3241,521,9,3241,521,1,3241,512,9,3241,521,9,3249,512,1,3249,521,1,3249,512,9,3249
4,512,16,3241,521,23,3241,521,16,3241,512,23,3241,521,23,3243,512,16,3243,521,16,3243,512,23,3243
3,1,256,3286,236,415,3286,236,256,3286,1,415,3286,236,415,3363,1,256,3363,236,256,3363,1,415,3363
2,512,512,3286,754,718,3286,754,512,3286,512,718,3286,754,718,3358,512,512,3358,754,512,3358,512,718,3358
1,512,32,3241,514,36,3241,514,32,3241,512,36,3241,514,36,3242,512,32,3242,514,32,3242,512,36,3242 